source_year,data_criacao,assunto,subdivisao,situacao,logradouro,bairro,regional,origem,rank_key,geocode_query,confidence_tier,lat,lon,nominatim_display_name,osm_class,osm_type,osm_id,geocode_reason
2023,18/06/2023,Coleta,Resíduos vegetais de jardim,Concluído,AVENIDA DA INTEGRAÇÃO,BAIRRO ALTO,Unidade Regional Boa Vista,Telefone,20743,"AVENIDA DA INTEGRAÇÃO, BAIRRO ALTO, Curitiba, PR, Brasil",strong,-25.403682,-49.1995729,"Avenida da Integração, Bairro Alto Paraíso, Bairro Alto, Curitiba, Paraná, Região Sul, 82840-200, Brasil",,secondary,162130052,
2023,18/06/2023,Coleta,Caliças até 5 carrinhos de mão,Concluído,AVENIDA DA INTEGRAÇÃO,BAIRRO ALTO,Unidade Regional Boa Vista,Telefone,20743,"AVENIDA DA INTEGRAÇÃO, BAIRRO ALTO, Curitiba, PR, Brasil",strong,-25.403682,-49.1995729,"Avenida da Integração, Bairro Alto Paraíso, Bairro Alto, Curitiba, Paraná, Região Sul, 82840-200, Brasil",,secondary,162130052,
2023,30/03/2023,Coleta,Resíduos vegetais de jardim,Concluído,RUA PRESIDENTE RODRIGO OTÁVIO,ALTO DA RUA XV,Unidade Regional Matriz,Telefone,24912,"RUA PRESIDENTE RODRIGO OTÁVIO, ALTO DA RUA XV, Curitiba, PR, Brasil",strong,-25.4299249,-49.2450022,"Rua Presidente Rodrigo Otávio, Cristo Rei, Curitiba, Paraná, Região Sul, 80045-380, Brasil",,residential,464380537,
2023,30/03/2023,Trânsito,Fiscalização de estacionamento irregular,Concluído,RUA PRESIDENTE RODRIGO OTÁVIO,ALTO DA RUA XV,Unidade Regional Matriz,Telefone,24912,"RUA PRESIDENTE RODRIGO OTÁVIO, ALTO DA RUA XV, Curitiba, PR, Brasil",strong,-25.4299249,-49.2450022,"Rua Presidente Rodrigo Otávio, Cristo Rei, Curitiba, Paraná, Região Sul, 80045-380, Brasil",,residential,464380537,
2023,30/03/2023,Coleta,Resíduos vegetais de jardim,Concluído,RUA PRESIDENTE RODRIGO OTÁVIO,ALTO DA RUA XV,Unidade Regional Matriz,Telefone,24912,"RUA PRESIDENTE RODRIGO OTÁVIO, ALTO DA RUA XV, Curitiba, PR, Brasil",strong,-25.4299249,-49.2450022,"Rua Presidente Rodrigo Otávio, Cristo Rei, Curitiba, Paraná, Região Sul, 80045-380, Brasil",,residential,464380537,
2023,01/02/2023,Coleta,Entulhos diversos (pequena quantidade),Concluído,RUA SANTO ANTÔNIO DA PLATINA,AUGUSTA,Unidade Regional CIC,Telefone,32598,"RUA SANTO ANTÔNIO DA PLATINA, AUGUSTA, Curitiba, PR, Brasil",strong,-25.4556459,-49.3747554,"Rua Santo Antônio da Platina, Augusta, Curitiba, Paraná, Região Sul, 81290-260, Brasil",,residential,127528130,
2023,24/06/2023,Trânsito,Fiscalização de estacionamento irregular,Concluído,Rua Francisco Das Chagas Lopes,BOA VISTA,Unidade Regional Boa Vista,Telefone,34524,"Rua Francisco Das Chagas Lopes, BOA VISTA, Curitiba, PR, Brasil",strong,-25.3801555,-49.2437212,"Rua Francisco das Chagas Lopes, Boa Vista, Curitiba, Paraná, Região Sul, 82650-090, Brasil",,residential,162217197,
2023,14/12/2023,Trânsito,Fiscalização imediata,Concluído,RUA DOUTOR JOSÉ CLÁUDIO RIBEIRO RENNO,CAMPO COMPRIDO,Unidade Regional Portao,Telefone,60867,"RUA DOUTOR JOSÉ CLÁUDIO RIBEIRO RENNO, CAMPO COMPRIDO, Curitiba, PR, Brasil",strong,-25.4615221,-49.3374616,"Rua Doutor José Cláudio Ribeiro Renno, Campo Comprido, Curitiba, Paraná, Região Sul, 81230-162, Brasil",,residential,165356700,
2023,14/12/2023,Coleta,Caliças até 5 carrinhos de mão,Concluído,Rua Reverendo Lauro de Castro,CAJURU,Unidade Regional Cajuru,Telefone,66001,"Rua Reverendo Lauro de Castro, CAJURU, Curitiba, PR, Brasil",strong,-25.4747268,-49.2005683,"Rua Reverendo Lauro de Castro, Cajuru, Curitiba, Paraná, Região Sul, 82980-190, Brasil",,residential,160718228,
2023,11/04/2023,Coleta,Entulhos diversos (pequena quantidade),Concluído,Rua Tenente Max Wolf Filho,AGUA VERDE,Unidade Regional Portao,Portal,102109,"Rua Tenente Max Wolf Filho, AGUA VERDE, Curitiba, PR, Brasil",strong,-25.4492834,-49.2809875,"Rua Tenente Max Wolf Filho, Água Verde, Curitiba, Paraná, Região Sul, 80240-050, Brasil",,residential,173546195,
2023,16/12/2023,Trânsito,Fiscalização de estacionamento irregular,Concluído,Rua Ângelo Tozim,CAMPO DE SANTANA,Unidade Regional Tatuquara,Mobile,185843,"Rua Ângelo Tozim, CAMPO DE SANTANA, Curitiba, PR, Brasil",strong,-25.5833396,-49.3245778,"Rua Ângelo Tozim, Vila Rurbana, Campo de Santana, Curitiba, Paraná, Região Sul, 81490-040, Brasil",,residential,1191925966,
2023,16/12/2023,Poluição,Sonora - Diurna,Concluído,Rua Ângelo Tozim,CAMPO DE SANTANA,Unidade Regional Tatuquara,Chat,185843,"Rua Ângelo Tozim, CAMPO DE SANTANA, Curitiba, PR, Brasil",strong,-25.5833396,-49.3245778,"Rua Ângelo Tozim, Vila Rurbana, Campo de Santana, Curitiba, Paraná, Região Sul, 81490-040, Brasil",,residential,1191925966,
2023,27/08/2023,Lombada física,Implantação,Concluído,Doutor Cerqueira Lima,SAO BRAZ,Unidade Regional Santa Felicidade,Mobile,196594,"Doutor Cerqueira Lima, SAO BRAZ, Curitiba, PR, Brasil",strong,-25.4194922,-49.3424385,"Rua Doutor Cerqueira Lima, São Braz, Curitiba, Paraná, Região Sul, 82015-570, Brasil",,residential,137976601,
2023,26/11/2023,Coleta,Resíduos vegetais de jardim,Concluído,Rua Augusto Fleischfresser,SAO BRAZ,Unidade Regional Santa Felicidade,Mobile,261056,"Rua Augusto Fleischfresser, SAO BRAZ, Curitiba, PR, Brasil",strong,-25.410887,-49.3541959,"Rua Augusto Fleischfresser, São Braz, Curitiba, Paraná, Região Sul, 82315-420, Brasil",,residential,150296348,
2023,22/04/2023,Disque Solidariedade,Doações,Concluído,Rua Brigadeiro Franco,PAROLIN,Unidade Regional Portao,Chat,267520,"Rua Brigadeiro Franco, PAROLIN, Curitiba, PR, Brasil",strong,-25.4612566,-49.2668905,"Rua Brigadeiro Franco, Parolin, Curitiba, Paraná, Região Sul, 80220-081, Brasil",,secondary,122741943,
2023,23/08/2023,Coleta,Resíduos vegetais de jardim,Concluído,RUA REZALA SIMÃO,PORTAO,Unidade Regional Portao,Telefone,284522,"RUA REZALA SIMÃO, PORTAO, Curitiba, PR, Brasil",strong,-25.4666351,-49.3161515,"Rua Rezala Simão, Portão, Curitiba, Paraná, Região Sul, 80310-010, Brasil",,secondary,162096210,
2023,19/12/2023,Coleta,Resíduos vegetais de jardim,Concluído,RUA ANGELO ZANOTTO,BUTIATUVINHA,Unidade Regional Santa Felicidade,Telefone,320123,"RUA ANGELO ZANOTTO, BUTIATUVINHA, Curitiba, PR, Brasil",strong,-25.3983586,-49.3467704,"Rua Ângelo Zanotto, Butiatuvinha, Curitiba, Paraná, Região Sul, 82320-390, Brasil",,residential,158126145,
2023,03/08/2023,Árvore,Poda de manutenção em árvores,Concluído,RUA JOSE LUCAS,JARDIM DAS AMERICAS,Unidade Regional Cajuru,Mobile,332879,"RUA JOSE LUCAS, JARDIM DAS AMERICAS, Curitiba, PR, Brasil",strong,-25.4559114,-49.2250443,"Rua José Lucas, Jardim das Américas, Curitiba, Paraná, Região Sul, 81530-150, Brasil",,residential,64882235,
2023,25/02/2023,Coleta,Caliças até 5 carrinhos de mão,Concluído,Rua Martha Gembaroski Tuleski,CIDADE INDUSTRIAL,Unidade Regional CIC,Telefone,334583,"Rua Martha Gembaroski Tuleski, CIDADE INDUSTRIAL, Curitiba, PR, Brasil",medium,-25.497993,-49.334522,"Cidade Industrial de Curitiba, Curitiba, Paraná, Região Sul, 81350-260, Brasil",,suburb,3012156952,fallback_bairro_apos_rua_sem_resultado_em_bbox
2023,26/12/2023,Árvore,Poda de manutenção em árvores,Aberto,Rua Paul Garfunkel,CIDADE INDUSTRIAL,Unidade Regional CIC,Mobile,346751,"Rua Paul Garfunkel, CIDADE INDUSTRIAL, Curitiba, PR, Brasil",medium,-25.497993,-49.334522,"Cidade Industrial de Curitiba, Curitiba, Paraná, Região Sul, 81350-260, Brasil",,suburb,3012156952,fallback_bairro_apos_rua_sem_resultado_em_bbox
2023,25/05/2023,Coleta,Resíduos vegetais de jardim,Concluído,Rua Humberto Mattana,CAPAO DA IMBUIA,Unidade Regional Cajuru,Portal,381223,"Rua Humberto Mattana, CAPAO DA IMBUIA, Curitiba, PR, Brasil",strong,-25.4374442,-49.2122617,"Rua Humberto Mattana, Capão da Imbuia, Curitiba, Paraná, Região Sul, 82810-460, Brasil",,residential,152131325,
2023,20/09/2023,Lombada física,Implantação,Concluído,RUA DEPUTADO CUNHA BUENO,CIDADE INDUSTRIAL,Unidade Regional CIC,Telefone,399568,"RUA DEPUTADO CUNHA BUENO, CIDADE INDUSTRIAL, Curitiba, PR, Brasil",strong,-25.4944631,-49.3460709,"Rua Deputado Cunha Bueno, Cidade Industrial de Curitiba, Curitiba, Paraná, Região Sul, 81350-260, Brasil",,tertiary,127354953,
2023,02/05/2023,Coleta,Resíduos vegetais de jardim,Concluído,RUA MAJOR FABRICIANO DO REGO BARROS,HAUER,Unidade Regional Boqueirao,Telefone,407251,"RUA MAJOR FABRICIANO DO REGO BARROS, HAUER, Curitiba, PR, Brasil",strong,-25.4760978,-49.2555642,"Rua Major Fabriciano do Rêgo Barros, Hauer, Curitiba, Paraná, Região Sul, 81630-050, Brasil",,tertiary,333068570,
2023,06/02/2023,Cartão transporte,Cartão débito/crédito,Concluído,RUA PRESIDENTE CARLOS CAVALCANTI,CENTRO,Unidade Regional Matriz,Telefone,409690,"RUA PRESIDENTE CARLOS CAVALCANTI, CENTRO, Curitiba, PR, Brasil",strong,-25.426686,-49.2674703,"Rua Presidente Carlos Cavalcanti, Centro, Curitiba, Paraná, Região Sul, 80020-270, Brasil",,secondary,467435130,
2023,11/09/2023,Coleta,Resíduos vegetais de jardim,Concluído,RUA SAMUEL CEZAR,AGUA VERDE,Unidade Regional Portao,Telefone,412493,"RUA SAMUEL CEZAR, AGUA VERDE, Curitiba, PR, Brasil",strong,-25.4591348,-49.2758453,"Rua Samuel Cézar, Água Verde, Curitiba, Paraná, Região Sul, 80620-220, Brasil",,residential,52708905,
2023,23/10/2023,Árvore,Poda de manutenção em árvores,Concluído,RUA FRANCISCO NEGRÃO,AGUA VERDE,Unidade Regional Portao,Telefone,423980,"RUA FRANCISCO NEGRÃO, AGUA VERDE, Curitiba, PR, Brasil",strong,-25.4566238,-49.2761627,"Rua Francisco Negrão, Água Verde, Curitiba, Paraná, Região Sul, 80620-400, Brasil",,residential,52708908,
2023,08/08/2023,Trânsito,Fiscalização de estacionamento irregular,Concluído,AVENIDA ÁGUA VERDE,AGUA VERDE,Unidade Regional Portao,Telefone,432118,"AVENIDA ÁGUA VERDE, AGUA VERDE, Curitiba, PR, Brasil",strong,-25.4535901,-49.2758875,"Avenida Água Verde, Água Verde, Curitiba, Paraná, Região Sul, 80620-400, Brasil",,secondary,43593224,
2023,16/10/2023,Árvore,Poda de manutenção em árvores,Concluído,RUA DESEMBARGADOR ANTÔNIO DE PAULA,BOQUEIRAO,Unidade Regional Boqueirao,Telefone,434654,"RUA DESEMBARGADOR ANTÔNIO DE PAULA, BOQUEIRAO, Curitiba, PR, Brasil",strong,-25.5079903,-49.2271863,"Rua Desembargador Antônio de Paula, Boqueirão, Curitiba, Paraná, Região Sul, 81730-360, Brasil",,secondary,70629101,
2023,25/10/2023,Trânsito,Fiscalização de estacionamento irregular,Concluído,Rua das Andorinhas,NOVO MUNDO,Unidade Regional Pinheirinho,Portal,451275,"Rua das Andorinhas, NOVO MUNDO, Curitiba, PR, Brasil",strong,-25.4916079,-49.2846502,"Rua das Andorinhas, Novo Mundo, Curitiba, Paraná, Região Sul, 81020-420, Brasil",,tertiary,48310142,
2023,15/08/2023,Trânsito,Fiscalização de bloqueio de pista,Concluído,RUA ARISTÓTELES DA SILVA SANTOS,BOQUEIRAO,Unidade Regional Boqueirao,Telefone,476057,"RUA ARISTÓTELES DA SILVA SANTOS, BOQUEIRAO, Curitiba, PR, Brasil",strong,-25.4961652,-49.2265428,"Rua Aristóteles da Silva Santos, Boqueirão, Curitiba, Paraná, Região Sul, 81650-140, Brasil",,residential,85573769,
2023,14/07/2023,Coleta,Entulhos diversos (pequena quantidade),Concluído,Rua Vila Velha,CAJURU,Unidade Regional Cajuru,Telefone,482725,"Rua Vila Velha, CAJURU, Curitiba, PR, Brasil",strong,-25.4620962,-49.2017923,"Rua Vila Velha, Vila Cajuru VIII B, Cajuru, Curitiba, Paraná, Região Sul, 82960-000, Brasil",,residential,164123902,
2023,05/12/2023,Trânsito,Fiscalização de estacionamento irregular,Concluído,RUA DESEMBARGADOR ARTHUR LEME,BACACHERI,Unidade Regional Boa Vista,Telefone,499264,"RUA DESEMBARGADOR ARTHUR LEME, BACACHERI, Curitiba, PR, Brasil",strong,-25.400257,-49.2424066,"Rua Desembargador Arthur Leme, Bacacheri, Curitiba, Paraná, Região Sul, 82510-180, Brasil",,residential,150348503,
2023,04/02/2023,Coleta,Caliças até 5 carrinhos de mão,Concluído,RUA JOÃO KASDORF,XAXIM,Unidade Regional Boqueirao,Telefone,506107,"RUA JOÃO KASDORF, XAXIM, Curitiba, PR, Brasil",strong,-25.5181959,-49.2656907,"Rua João Kasdorf, Vila Mariana, Xaxim, Curitiba, Paraná, Região Sul, 81830-230, Brasil",,residential,85022423,
2023,16/05/2023,Coleta,Resíduos vegetais de jardim,Concluído,Rua João Ortolani,SANTA CANDIDA,Unidade Regional Boa Vista,Telefone,508605,"Rua João Ortolani, SANTA CANDIDA, Curitiba, PR, Brasil",strong,-25.3668777,-49.2295593,"Rua João Ortolani, Moradas do Porto, Santa Cândida, Curitiba, Paraná, Região Sul, 82640-010, Brasil",,residential,166727302,
2023,17/04/2023,Poluição,Sonora - Noturna,Concluído,Coronel Joaquim Ignácio Taborda Ribas,BIGORRILHO,Unidade Regional Matriz,Telefone,515774,"Coronel Joaquim Ignácio Taborda Ribas, BIGORRILHO, Curitiba, PR, Brasil",medium,-25.4339089,-49.2994023,"Bigorrilho, Curitiba, Paraná, Região Sul, Brasil",,administrative,6228349,fallback_bairro_apos_rua_sem_resultado_em_bbox
2023,18/11/2023,Trânsito,Fiscalização de estacionamento irregular,Concluído,Rua Capitão Ernesto dos Anjos Barbosa,NOVO MUNDO,Unidade Regional Pinheirinho,Portal,560984,"Rua Capitão Ernesto dos Anjos Barbosa, NOVO MUNDO, Curitiba, PR, Brasil",strong,-25.4926943,-49.2872919,"Rua Capitão Ernesto dos Anjos Barbosa, Novo Mundo, Curitiba, Paraná, Região Sul, 81020-320, Brasil",,residential,48310141,
2023,10/11/2023,Animais domésticos,Remoção de caninos mortos,Concluído,RUA HERALDO DE OLIVEIRA MELLO,CAJURU,Unidade Regional Cajuru,Telefone,581546,"RUA HERALDO DE OLIVEIRA MELLO, CAJURU, Curitiba, PR, Brasil",medium,-25.4533496,-49.2130027,"Cajuru, Curitiba, Paraná, Região Sul, Brasil",,administrative,3882263,fallback_bairro_apos_rua_sem_resultado_em_bbox
2023,21/11/2023,Coleta,Resíduos vegetais de jardim,Concluído,Rua Arcésio Guimarães,JARDIM SOCIAL,Unidade Regional Matriz,Portal,602869,"Rua Arcésio Guimarães, JARDIM SOCIAL, Curitiba, PR, Brasil",strong,-25.4219933,-49.2325129,"Rua Arcésio Guimarães, Jardim Social, Curitiba, Paraná, Região Sul, 82520-000, Brasil",,residential,173185745,
2023,27/07/2023,Trânsito,Fiscalização imediata,Concluído,RUA CAMBÉ,SITIO CERCADO,Unidade Regional Bairro Novo,Telefone,610014,"RUA CAMBÉ, SITIO CERCADO, Curitiba, PR, Brasil",strong,-25.5426473,-49.2861397,"Rua Cambé, Sítio Cercado, Curitiba, Paraná, Região Sul, 81900-460, Brasil",,residential,377365640,
2023,27/07/2023,Cartão transporte,Geral,Concluído,RUA CAMBÉ,SITIO CERCADO,Unidade Regional Bairro Novo,Telefone,610014,"RUA CAMBÉ, SITIO CERCADO, Curitiba, PR, Brasil",strong,-25.5426473,-49.2861397,"Rua Cambé, Sítio Cercado, Curitiba, Paraná, Região Sul, 81900-460, Brasil",,residential,377365640,
2024,09/08/2024,Trânsito,Fiscalização de estacionamento irregular,Concluído,ALAMEDA PRUDENTE DE MORAES,MERCES,Unidade Regional Matriz,Telefone,7085,"ALAMEDA PRUDENTE DE MORAES, MERCES, Curitiba, PR, Brasil",strong,-25.4259116,-49.2845356,"Alameda Prudente de Moraes, Mercês, Curitiba, Paraná, Região Sul, 81020-430, Brasil",,residential,29429111,
2024,28/01/2024,Trânsito,Fiscalização de estacionamento irregular,Concluído,Rua Aluízio Finzetto,PRADO VELHO,Unidade Regional Matriz,Mobile,11334,"Rua Aluízio Finzetto, PRADO VELHO, Curitiba, PR, Brasil",strong,-25.4619037,-49.2545872,"Rua Aluízio Finzetto, Prado Velho, Curitiba, Paraná, Região Sul, 81610-000, Brasil",,primary,1486670646,
2024,15/01/2024,Animais domésticos,Remoção de caninos mortos,Concluído,Rua Chile,REBOUCAS,Unidade Regional Matriz,Telefone,18735,"Rua Chile, REBOUCAS, Curitiba, PR, Brasil",strong,-25.4461639,-49.2542402,"Rua Chile, Rebouças, Curitiba, Paraná, Região Sul, 80215-150, Brasil",,secondary,43547880,
2024,10/11/2024,Trânsito,Fiscalização de estacionamento irregular,Concluído,Avenida Candi,CENTRO CIVICO,Unidade Regional Matriz,Telefone,29747,"Avenida Candi, CENTRO CIVICO, Curitiba, PR, Brasil",medium,-25.4143755,-49.2683269,"Centro Cívico, Curitiba, Paraná, Região Sul, Brasil",,administrative,6204419,fallback_bairro_apos_rua_sem_resultado_em_bbox
2024,31/12/2024,Coleta,Resíduos vegetais de jardim,Aberto,Rua Arthur José Nísio,UBERABA,Unidade Regional Cajuru,Mobile,46236,"Rua Arthur José Nísio, UBERABA, Curitiba, PR, Brasil",strong,-25.4811815,-49.2098025,"Rua Arthur José Nísio, Uberaba, Curitiba, Paraná, Região Sul, 81550-080, Brasil",,residential,187779532,
2024,05/09/2024,Coleta,Resíduos vegetais de jardim,Concluído,RUA PADRE ARNALDO JANSSEN,CAJURU,Unidade Regional Cajuru,Telefone,48946,"RUA PADRE ARNALDO JANSSEN, CAJURU, Curitiba, PR, Brasil",strong,-25.4725842,-49.194381,"Rua Padre Arnaldo Janssen, Cajuru, Curitiba, Paraná, Região Sul, 82980-130, Brasil",,residential,163153938,
2024,12/02/2024,Coleta,Resíduos vegetais de jardim,Concluído,RUA DOMINGOS GABARDO,CAPAO RASO,Unidade Regional Pinheirinho,Telefone,50261,"RUA DOMINGOS GABARDO, CAPAO RASO, Curitiba, PR, Brasil",strong,-25.5005686,-49.2985134,"Rua Domingos Gabardo, Capão Raso, Curitiba, Paraná, Região Sul, 81130-060, Brasil",,residential,48294499,
2024,16/12/2024,Coleta,Entulhos diversos (pequena quantidade),Concluído,RUA ARATICUM,UBERABA,Unidade Regional Cajuru,Telefone,72430,"RUA ARATICUM, UBERABA, Curitiba, PR, Brasil",strong,-25.4759645,-49.2233974,"Rua Araticum, Uberaba, Curitiba, Paraná, Região Sul, 81540-590, Brasil",,residential,125396753,
2024,08/02/2024,Coleta,Entulhos diversos (pequena quantidade),Concluído,RUA ENÉAS ALMEIDA EIDAM,XAXIM,Unidade Regional Boqueirao,Telefone,94275,"RUA ENÉAS ALMEIDA EIDAM, XAXIM, Curitiba, PR, Brasil",strong,-25.498382,-49.2608756,"Rua Enéas Almeida Eidam, Xaxim, Curitiba, Paraná, Região Sul, 81710-380, Brasil",,residential,390174020,
2024,02/10/2024,Coleta,Caliças até 5 carrinhos de mão,Concluído,RUA ENGENHEIRO JAYME MATZENBACHER,ATUBA,Unidade Regional Boa Vista,Telefone,97166,"RUA ENGENHEIRO JAYME MATZENBACHER, ATUBA, Curitiba, PR, Brasil",strong,-25.3835194,-49.2093745,"Rua Engenheiro Jayme Matzenbacher, Atuba, Curitiba, Paraná, Região Sul, 82630-309, Brasil",,residential,160681555,
2024,12/07/2024,Coleta,Entulhos diversos (pequena quantidade),Concluído,Rua Professora Augusta Ribas,PINHEIRINHO,Unidade Regional Pinheirinho,Mobile,116125,"Rua Professora Augusta Ribas, PINHEIRINHO, Curitiba, PR, Brasil",strong,-25.5426076,-49.2970434,"Rua Professora Augusta Ribas, Pinheirinho, Curitiba, Paraná, Região Sul, 81880-000, Brasil",,residential,129015216,
2024,30/04/2024,Coleta,Resíduos vegetais de jardim,Concluído,RUA BENEDITO CORREIA DE FREITAS,ABRANCHES,Unidade Regional Boa Vista,Telefone,133999,"RUA BENEDITO CORREIA DE FREITAS, ABRANCHES, Curitiba, PR, Brasil",strong,-25.3811553,-49.2749411,"Rua Benedito Correia de Freitas, Abranches, Curitiba, Paraná, Região Sul, 82130-230, Brasil",,residential,161997924,
2024,16/03/2024,Coleta,Resíduos vegetais de jardim,Concluído,Rua Doutor Lauro Gentio Portugal Tavares,SITIO CERCADO,Unidade Regional Bairro Novo,Mobile,136924,"Rua Doutor Lauro Gentio Portugal Tavares, SITIO CERCADO, Curitiba, PR, Brasil",strong,-25.5362685,-49.2616497,"Rua Doutor Lauro Gentio Portugal Tavares, Sítio Cercado, Curitiba, Paraná, Região Sul, 81910-470, Brasil",,tertiary,127245296,
2024,12/01/2024,Coleta,Entulhos diversos (pequena quantidade),Concluído,Rua Doutor Nelson Luiz Wolski Velloso,CIDADE INDUSTRIAL,Unidade Regional CIC,Telefone,149983,"Rua Doutor Nelson Luiz Wolski Velloso, CIDADE INDUSTRIAL, Curitiba, PR, Brasil",strong,-25.4799601,-49.3456184,"Rua Doutor Nelson Luiz Wolski Velloso, Cidade Industrial de Curitiba, Curitiba, Paraná, Região Sul, 81250-350, Brasil",,residential,83058529,
2024,12/01/2024,Coleta,Resíduos vegetais de jardim,Concluído,Rua Doutor Nelson Luiz Wolski Velloso,CIDADE INDUSTRIAL,Unidade Regional CIC,Telefone,149983,"Rua Doutor Nelson Luiz Wolski Velloso, CIDADE INDUSTRIAL, Curitiba, PR, Brasil",strong,-25.4799601,-49.3456184,"Rua Doutor Nelson Luiz Wolski Velloso, Cidade Industrial de Curitiba, Curitiba, Paraná, Região Sul, 81250-350, Brasil",,residential,83058529,
2024,20/02/2024,Árvore,Poda de manutenção em árvores,Aberto,Rua Inácio Slompo,SANTA FELICIDADE,Unidade Regional Santa Felicidade,Mobile,176162,"Rua Inácio Slompo, SANTA FELICIDADE, Curitiba, PR, Brasil",strong,-25.4046825,-49.3364547,"Rua Inácio Slompo, Santa Felicidade, Curitiba, Paraná, Região Sul, 82320-040, Brasil",,residential,158626309,
2024,29/03/2024,Coleta,Resíduos vegetais de jardim,Concluído,Rua Jorge Gava,PILARZINHO,Unidade Regional Boa Vista,Mobile,185964,"Rua Jorge Gava, PILARZINHO, Curitiba, PR, Brasil",strong,-25.3872682,-49.2927207,"Rua Jorge Gava, Vila Nori - Jardim Cosmos, Pilarzinho, Curitiba, Paraná, Região Sul, 82110-350, Brasil",,residential,150296278,
2024,08/07/2024,Animais domésticos,Remoção de felinos mortos,Concluído,RUA CIDADE DE LAGUNA,CIDADE INDUSTRIAL,Unidade Regional CIC,Telefone,202146,"RUA CIDADE DE LAGUNA, CIDADE INDUSTRIAL, Curitiba, PR, Brasil",medium,-25.497993,-49.334522,"Cidade Industrial de Curitiba, Curitiba, Paraná, Região Sul, 81350-260, Brasil",,suburb,3012156952,fallback_bairro_apos_rua_sem_resultado_em_bbox
2024,08/07/2024,Disque Solidariedade,Doações,Concluído,RUA CIDADE DE LAGUNA,CIDADE INDUSTRIAL,Unidade Regional CIC,Telefone,202146,"RUA CIDADE DE LAGUNA, CIDADE INDUSTRIAL, Curitiba, PR, Brasil",medium,-25.497993,-49.334522,"Cidade Industrial de Curitiba, Curitiba, Paraná, Região Sul, 81350-260, Brasil",,suburb,3012156952,fallback_bairro_apos_rua_sem_resultado_em_bbox
2024,07/08/2024,Coleta,Resíduos vegetais de jardim,Concluído,RUA GIOVANNI DALLA PALMA,SAO BRAZ,Unidade Regional Santa Felicidade,Telefone,216147,"RUA GIOVANNI DALLA PALMA, SAO BRAZ, Curitiba, PR, Brasil",strong,-25.4074031,-49.3445263,"Rua Giovanni Dalla Palma, São Braz, Curitiba, Paraná, Região Sul, 82320-390, Brasil",,residential,150298987,
2024,18/04/2024,Coleta,Entulhos diversos (pequena quantidade),Concluído,Rua Antonio Petruzziello,PILARZINHO,Unidade Regional Boa Vista,Mobile,277557,"Rua Antonio Petruzziello, PILARZINHO, Curitiba, PR, Brasil",strong,-25.3889766,-49.2938027,"Rua Antônio Petruzziello, Pilarzinho, Curitiba, Paraná, Região Sul, 82110-350, Brasil",,residential,150298939,
2024,01/09/2024,Trânsito,Fiscalização de estacionamento irregular,Concluído,Rua Paulo Martins,MERCES,Unidade Regional Matriz,Telefone,290042,"Rua Paulo Martins, MERCES, Curitiba, PR, Brasil",strong,-25.417762,-49.2975323,"Rua Paulo Martins, Mercês, Curitiba, Paraná, Região Sul, 80810-345, Brasil",,residential,29548943,
2024,16/10/2024,Coleta,Resíduos vegetais de jardim,Concluído,RUA EDUARDO JARNICKI,SAO BRAZ,Unidade Regional Santa Felicidade,Telefone,318099,"RUA EDUARDO JARNICKI, SAO BRAZ, Curitiba, PR, Brasil",strong,-25.4154623,-49.359722,"Rua Eduardo Jarnicki, São Braz, Curitiba, Paraná, Região Sul, 82315-420, Brasil",,residential,158227367,
2024,03/09/2024,Coleta,Resíduos vegetais de jardim,Concluído,Avenida Albino Raschendorfer,VISTA ALEGRE,Unidade Regional Santa Felicidade,Mobile,320677,"Avenida Albino Raschendorfer, VISTA ALEGRE, Curitiba, PR, Brasil",strong,-25.4128552,-49.2874744,"Avenida Albino Raschendorfer, Vista Alegre, Curitiba, Paraná, Região Sul, 80810-090, Brasil",,residential,754962181,
2024,04/06/2024,Coleta,Resíduos vegetais de jardim,Concluído,Rua Brigadeiro Franco,CENTRO,Unidade Regional Matriz,Mobile,329203,"Rua Brigadeiro Franco, CENTRO, Curitiba, PR, Brasil",strong,-25.4345865,-49.2817894,"Rua Brigadeiro Franco, Centro, Curitiba, Paraná, Região Sul, 80420-190, Brasil",,primary,663076698,
2024,08/12/2024,Trânsito,Fiscalização de estacionamento irregular,Concluído,Doutor Pedrosa,CENTRO,Unidade Regional Matriz,Portal,364485,"Doutor Pedrosa, CENTRO, Curitiba, PR, Brasil",strong,-25.438158,-49.2772774,"Rua Doutor Pedrosa, Centro, Curitiba, Paraná, Região Sul, 80420-080, Brasil",,secondary,125542072,
2024,06/03/2024,Coleta,Resíduos vegetais de jardim,Concluído,Padre Germano Mayer,HUGO LANGE,Unidade Regional Matriz,Mobile,375572,"Padre Germano Mayer, HUGO LANGE, Curitiba, PR, Brasil",medium,-25.4167134,-49.2477855,"Rua Padre Germano Mayer, 2016 - Hugo Lange, Rua Padre Germano Mayer, Hugo Lange, Curitiba, Paraná, Região Sul, 80040-345, Brasil",,bus_stop,13736687326,
2024,21/05/2024,Coleta,Caliças até 5 carrinhos de mão,Concluído,Rua Vieira dos Santos,CENTRO CIVICO,Unidade Regional Matriz,Portal,390557,"Rua Vieira dos Santos, CENTRO CIVICO, Curitiba, PR, Brasil",strong,-25.4084816,-49.2687393,"Rua Vieira dos Santos, Centro Cívico, Curitiba, Paraná, Região Sul, 80530-910, Brasil",,residential,86087483,
2024,27/04/2024,Trânsito,Fiscalização de bloqueio de pista,Concluído,Rua Moysés Marcondes,JUVEVE,Unidade Regional Matriz,Mobile,393310,"Rua Moysés Marcondes, JUVEVE, Curitiba, PR, Brasil",strong,-25.4114166,-49.2610834,"Rua Moysés Marcondes, Juvevê, Curitiba, Paraná, Região Sul, 80530-290, Brasil",,residential,32944156,
2024,04/01/2024,Coleta,Resíduos vegetais de jardim,Concluído,RUA DOUTOR DJALMA FERREIRA LOPES,GUABIROTUBA,Unidade Regional Cajuru,Telefone,401093,"RUA DOUTOR DJALMA FERREIRA LOPES, GUABIROTUBA, Curitiba, PR, Brasil",strong,-25.4727523,-49.2421951,"Rua Doutor Djalma Ferreira Lopes, Guabirotuba, Curitiba, Paraná, Região Sul, 81510-001, Brasil",,residential,125387401,
2024,20/09/2024,Árvore,Poda de manutenção em árvores,Aberto,RUA JAZIEL SOTTO MAIOR LAGOS,CIDADE INDUSTRIAL,Unidade Regional CIC,Telefone,403374,"RUA JAZIEL SOTTO MAIOR LAGOS, CIDADE INDUSTRIAL, Curitiba, PR, Brasil",medium,-25.497993,-49.334522,"Cidade Industrial de Curitiba, Curitiba, Paraná, Região Sul, 81350-260, Brasil",,suburb,3012156952,fallback_bairro_apos_rua_sem_resultado_em_bbox
2024,09/02/2024,Coleta,Caliças até 5 carrinhos de mão,Concluído,Rua Genoveva Simões Falcão,CASCATINHA,Unidade Regional Santa Felicidade,Portal,415380,"Rua Genoveva Simões Falcão, CASCATINHA, Curitiba, PR, Brasil",strong,-25.4106311,-49.3103833,"Rua Genoveva Simões Falcão, Cascatinha, Curitiba, Paraná, Região Sul, 82020-250, Brasil",,residential,158626631,
2024,13/09/2024,Trânsito,Fiscalização de estacionamento irregular,Concluído,Rua Monsenhor Ivo Zanlorenzi,CAMPO COMPRIDO,Unidade Regional Portao,Mobile,426141,"Rua Monsenhor Ivo Zanlorenzi, CAMPO COMPRIDO, Curitiba, PR, Brasil",strong,-25.4432019,-49.3504576,"Rua Monsenhor Ivo Zanlorenzi, Campo Comprido, Curitiba, Paraná, Região Sul, 81280-430, Brasil",,primary,776929902,
2024,17/04/2024,Árvore,Poda de manutenção em árvores,Aberto,Egídio Antônio Zamilian,SANTA FELICIDADE,Unidade Regional Santa Felicidade,Telefone,430909,"Egídio Antônio Zamilian, SANTA FELICIDADE, Curitiba, PR, Brasil",strong,-25.3976752,-49.3271931,"Rua Egídio Antônio Zamilian, Santa Felicidade, Curitiba, Paraná, Região Sul, 82020-470, Brasil",,residential,158126152,
2024,18/04/2024,Coleta,Resíduos vegetais de jardim,Concluído,RUA ROCHA POMBO,JUVEVE,Unidade Regional Matriz,Telefone,433089,"RUA ROCHA POMBO, JUVEVE, Curitiba, PR, Brasil",strong,-25.4125261,-49.2617747,"Rua Rocha Pombo, Juvevê, Curitiba, Paraná, Região Sul, 80530-290, Brasil",,secondary,32944157,
2024,13/07/2024,Coleta,Entulhos diversos (pequena quantidade),Concluído,Flávio de Azevedo Macedo,SAO LOURENCO,Unidade Regional Boa Vista,Mobile,435479,"Flávio de Azevedo Macedo, SAO LOURENCO, Curitiba, PR, Brasil",strong,-25.4005239,-49.27321,"Rua Flávio de Azevedo Macedo, São Lourenço, Curitiba, Paraná, Região Sul, 82120-060, Brasil",,residential,32944143,
2024,16/02/2024,Coleta,Resíduos vegetais de jardim,Concluído,Avenida Senador Salgado Filho,UBERABA,Unidade Regional Cajuru,Telefone,438793,"Avenida Senador Salgado Filho, UBERABA, Curitiba, PR, Brasil",strong,-25.4760763,-49.2277065,"Avenida Senador Salgado Filho, Uberaba, Curitiba, Paraná, Região Sul, 81570-140, Brasil",,secondary,90650982,
2024,16/02/2024,Coleta,Resíduos vegetais de jardim,Concluído,Avenida Senador Salgado Filho,UBERABA,Unidade Regional Cajuru,Portal,438793,"Avenida Senador Salgado Filho, UBERABA, Curitiba, PR, Brasil",strong,-25.4760763,-49.2277065,"Avenida Senador Salgado Filho, Uberaba, Curitiba, Paraná, Região Sul, 81570-140, Brasil",,secondary,90650982,
2024,16/02/2024,Trânsito,Fiscalização de estacionamento irregular,Concluído,Rua Cezario Curial,PILARZINHO,Unidade Regional Boa Vista,Mobile,445232,"Rua Cezario Curial, PILARZINHO, Curitiba, PR, Brasil",strong,-25.3897513,-49.2944811,"Rua Cezário Curial, Vila Nori, Pilarzinho, Curitiba, Paraná, Região Sul, 82100-510, Brasil",,residential,150296501,
2024,20/02/2024,Coleta,Resíduos vegetais de jardim,Concluído,Rua Professor Ary Nogueira Dos Santos,BOQUEIRAO,Unidade Regional Boqueirao,Telefone,448247,"Rua Professor Ary Nogueira Dos Santos, BOQUEIRAO, Curitiba, PR, Brasil",strong,-25.5115843,-49.2415793,"Rua Professor Ary Nogueira dos Santos, Boqueirão, Curitiba, Paraná, Região Sul, 81750-190, Brasil",,residential,85231834,
2025,17/07/2025,Coleta,Resíduos vegetais de jardim,Concluído,Rua Renato de Souza Lobo,CIDADE INDUSTRIAL,Unidade Regional CIC,Mobile,14663,"Rua Renato de Souza Lobo, CIDADE INDUSTRIAL, Curitiba, PR, Brasil",medium,-25.497993,-49.334522,"Cidade Industrial de Curitiba, Curitiba, Paraná, Região Sul, 81350-260, Brasil",,suburb,3012156952,fallback_bairro_apos_rua_sem_resultado_em_bbox
2025,14/08/2025,Iluminação Pública,Manutenção de Luminárias,Concluído,Rua Ghaze Saleh,TINGUI,Unidade Regional Boa Vista,Telefone,47589,"Rua Ghaze Saleh, TINGUI, Curitiba, PR, Brasil",strong,-25.3813651,-49.2205639,"Rua Ghaze Saleh, Tingui, Curitiba, Paraná, Região Sul, 82620-260, Brasil",,residential,160681474,
2025,02/01/2025,Coleta,Resíduos vegetais de jardim,Concluído,RUA FRANCISCO PAROLIN,PAROLIN,Unidade Regional Portao,Telefone,55455,"RUA FRANCISCO PAROLIN, PAROLIN, Curitiba, PR, Brasil",strong,-25.4637167,-49.2601128,"Rua Francisco Parolin, Parolin, Curitiba, Paraná, Região Sul, 80220-390, Brasil",,residential,53814835,
2025,26/08/2025,Unidade de Saúde - UMS,Agendamento - Consulta com Especialista,Concluído,RUA CYRO CORREIA PEREIRA,CIDADE INDUSTRIAL,Unidade Regional CIC,Telefone,68308,"RUA CYRO CORREIA PEREIRA, CIDADE INDUSTRIAL, Curitiba, PR, Brasil",medium,-25.497993,-49.334522,"Cidade Industrial de Curitiba, Curitiba, Paraná, Região Sul, 81350-260, Brasil",,suburb,3012156952,fallback_bairro_apos_rua_sem_resultado_em_bbox
2025,22/04/2025,Árvore,Poda de manutenção em árvores,Concluído,RUA PASTOR NIVALDO RAMOS,CIDADE INDUSTRIAL,Unidade Regional CIC,Telefone,74977,"RUA PASTOR NIVALDO RAMOS, CIDADE INDUSTRIAL, Curitiba, PR, Brasil",medium,-25.497993,-49.334522,"Cidade Industrial de Curitiba, Curitiba, Paraná, Região Sul, 81350-260, Brasil",,suburb,3012156952,fallback_bairro_apos_rua_sem_resultado_em_bbox
2025,18/11/2025,Iluminação Pública,Manutenção de Luminárias,Aberto,Rua Doutor Alexandre Gutierrez,AGUA VERDE,Unidade Regional Portao,Mobile,78405,"Rua Doutor Alexandre Gutierrez, AGUA VERDE, Curitiba, PR, Brasil",strong,-25.4516069,-49.2835701,"Rua Doutor Alexandre Gutierrez, Água Verde, Curitiba, Paraná, Região Sul, 80620-200, Brasil",,residential,52708928,
2025,18/11/2025,Iluminação Pública,Manutenção de Luminárias,Concluído,Rua Doutor Alexandre Gutierrez,AGUA VERDE,Unidade Regional Portao,Mobile,78405,"Rua Doutor Alexandre Gutierrez, AGUA VERDE, Curitiba, PR, Brasil",strong,-25.4516069,-49.2835701,"Rua Doutor Alexandre Gutierrez, Água Verde, Curitiba, Paraná, Região Sul, 80620-200, Brasil",,residential,52708928,
2025,30/07/2025,Coleta,Entulhos diversos (pequena quantidade),Concluído,Rua Professor Fábio de Souza,PORTAO,Unidade Regional Portao,Mobile,96522,"Rua Professor Fábio de Souza, PORTAO, Curitiba, PR, Brasil",strong,-25.4651897,-49.3070035,"Rua Professor Fábio de Souza, Santa Quitéria, Curitiba, Paraná, Região Sul, 80310-130, Brasil",,residential,161320945,
2025,25/08/2025,Cartão transporte,Cartão débito/crédito,Concluído,José Hauer,UBERABA,Unidade Regional Cajuru,Portal,123654,"José Hauer, UBERABA, Curitiba, PR, Brasil",strong,-25.4997167,-49.2195682,"Rua José Hauer, Uberaba, Curitiba, Paraná, Região Sul, 81580-250, Brasil",,secondary,70629093,
2025,09/09/2025,Iluminação Pública,Manutenção de Luminárias,Concluído,Rua Nilo Pecanha,BOM RETIRO,Unidade Regional Matriz,Portal,143181,"Rua Nilo Pecanha, BOM RETIRO, Curitiba, PR, Brasil",strong,-25.4160066,-49.2740116,"Rua Nilo Peçanha, Bom Retiro, Curitiba, Paraná, Região Sul, 80520-176, Brasil",,primary,263505515,
2025,03/04/2025,Coleta,Entulhos diversos (pequena quantidade),Concluído,Rua Nelso José Lauthart,ALTO BOQUEIRAO,Unidade Regional Boqueirao,Mobile,146009,"Rua Nelso José Lauthart, ALTO BOQUEIRAO, Curitiba, PR, Brasil",strong,-25.5362728,-49.2377438,"Rua Nelso José Lauthart, Alto Boqueirão, Curitiba, Paraná, Região Sul, 81860-090, Brasil",,residential,1493804463,
2025,09/04/2025,Trânsito,Fiscalização de bloqueio de pista,Concluído,Rua Padre Anchieta,BIGORRILHO,Unidade Regional Matriz,Telefone,149819,"Rua Padre Anchieta, BIGORRILHO, Curitiba, PR, Brasil",strong,-25.4307431,-49.2937349,"Rua Padre Anchieta, Bigorrilho, Curitiba, Paraná, Região Sul, 80410-020, Brasil",,tertiary,229104844,
2025,09/04/2025,Trânsito,Fiscalização de bloqueio de pista,Concluído,Rua Padre Anchieta,BIGORRILHO,Unidade Regional Matriz,Mobile,149819,"Rua Padre Anchieta, BIGORRILHO, Curitiba, PR, Brasil",strong,-25.4307431,-49.2937349,"Rua Padre Anchieta, Bigorrilho, Curitiba, Paraná, Região Sul, 80410-020, Brasil",,tertiary,229104844,
2025,17/02/2025,Coleta,Entulhos diversos (pequena quantidade),Concluído,Rua Padre Francisco Chylaszek,CIDADE INDUSTRIAL,Unidade Regional CIC,Telefone,150903,"Rua Padre Francisco Chylaszek, CIDADE INDUSTRIAL, Curitiba, PR, Brasil",medium,-25.497993,-49.334522,"Cidade Industrial de Curitiba, Curitiba, Paraná, Região Sul, 81350-260, Brasil",,suburb,3012156952,fallback_bairro_apos_rua_sem_resultado_em_bbox
2025,17/02/2025,Coleta,Entulhos diversos (pequena quantidade),Concluído,Rua Padre Francisco Chylaszek,CIDADE INDUSTRIAL,Unidade Regional CIC,Telefone,150903,"Rua Padre Francisco Chylaszek, CIDADE INDUSTRIAL, Curitiba, PR, Brasil",medium,-25.497993,-49.334522,"Cidade Industrial de Curitiba, Curitiba, Paraná, Região Sul, 81350-260, Brasil",,suburb,3012156952,fallback_bairro_apos_rua_sem_resultado_em_bbox
2025,17/02/2025,Coleta,Entulhos diversos (pequena quantidade),Concluído,Rua Ary Taborda,GANCHINHO,Unidade Regional Bairro Novo,Mobile,168257,"Rua Ary Taborda, GANCHINHO, Curitiba, PR, Brasil",strong,-25.5572366,-49.2514076,"Rua Ary Taborda, Moradias Dom Ângelo, Ganchinho, Curitiba, Paraná, Região Sul, 81935-060, Brasil",,residential,398001985,
2025,03/12/2025,Praças,Manutenção,Aberto,AVENIDA PRESIDENTE WENCESLAU BRAZ,LINDOIA,Unidade Regional Pinheirinho,Telefone,217141,"AVENIDA PRESIDENTE WENCESLAU BRAZ, LINDOIA, Curitiba, PR, Brasil",strong,-25.4758102,-49.2770618,"Avenida Presidente Wenceslau Braz, Lindóia, Curitiba, Paraná, Região Sul, 81010-001, Brasil",,secondary,700028158,
2025,03/10/2025,Lombada física,Implantação,Concluído,RUA LEOCÁDIO ROBISON DE LIMA DAMAZIO,ALTO BOQUEIRAO,Unidade Regional Boqueirao,Telefone,251246,"RUA LEOCÁDIO ROBISON DE LIMA DAMAZIO, ALTO BOQUEIRAO, Curitiba, PR, Brasil",strong,-25.5325528,-49.2427946,"Rua Leocádio Robison de Lima Damázio, Alto Boqueirão, Curitiba, Paraná, Região Sul, 81850-000, Brasil",,residential,161220119,
2025,22/03/2025,Coleta,Resíduos vegetais de jardim,Concluído,João Batista Dallarmi,SANTO INACIO,Unidade Regional Santa Felicidade,Portal,270403,"João Batista Dallarmi, SANTO INACIO, Curitiba, PR, Brasil",strong,-25.4217742,-49.3310864,"Rua João Batista Dallarmi, Santa Felicidade, Curitiba, Paraná, Região Sul, 82010-550, Brasil",,tertiary,162999245,
2025,15/12/2025,Árvore,Poda de manutenção em árvores,Aberto,João Stenzowski,NOVO MUNDO,Unidade Regional Pinheirinho,Portal,276304,"João Stenzowski, NOVO MUNDO, Curitiba, PR, Brasil",strong,-25.4852809,-49.2862576,"Rua João Stenzowski, Novo Mundo, Curitiba, Paraná, Região Sul, 81030-410, Brasil",,residential,126301940,
2025,23/04/2025,Fiscalização de obras,Alvará de construção,Aberto,Rua Augusto de Mari,PORTAO,Unidade Regional Portao,Mobile,292211,"Rua Augusto de Mari, PORTAO, Curitiba, PR, Brasil",strong,-25.4687097,-49.2790975,"Rua Augusto de Mari, Guaíra, Curitiba, Paraná, Região Sul, 80630-000, Brasil",,residential,48310682,
2025,23/02/2025,Trânsito,Fiscalização de estacionamento irregular,Concluído,RUA VIEIRA DOS SANTOS,CENTRO CIVICO,Unidade Regional Matriz,Telefone,302852,"RUA VIEIRA DOS SANTOS, CENTRO CIVICO, Curitiba, PR, Brasil",strong,-25.4084816,-49.2687393,"Rua Vieira dos Santos, Centro Cívico, Curitiba, Paraná, Região Sul, 80530-910, Brasil",,residential,86087483,
2025,18/12/2025,Coleta,Resíduos vegetais de jardim,Aberto,RUA TENENTE MIGUEL A R CUBAS,CAPAO RASO,Unidade Regional Pinheirinho,Mobile,323437,"RUA TENENTE MIGUEL A R CUBAS, CAPAO RASO, Curitiba, PR, Brasil",medium,-25.504632,-49.2985781,"Capão Raso, Curitiba, Paraná, Região Sul, Brasil",,administrative,6236786,fallback_bairro_apos_rua_sem_resultado_em_bbox
2025,09/07/2025,Coleta,Resíduos vegetais de jardim,Concluído,RUA JULIÃO GUIÃO QUEIROLO,NOVO MUNDO,Unidade Regional Pinheirinho,Telefone,344950,"RUA JULIÃO GUIÃO QUEIROLO, NOVO MUNDO, Curitiba, PR, Brasil",strong,-25.4865091,-49.3068053,"Rua Julião Guião Queirolo - Russo, Vila Uberlândia, Novo Mundo, Curitiba, Paraná, Região Sul, 81050-424, Brasil",,residential,598198591,
2025,18/08/2025,Coleta,Caliças até 5 carrinhos de mão,Concluído,Rua Manoel Padilha de Lima,AHU,Unidade Regional Matriz,Telefone,355105,"Rua Manoel Padilha de Lima, AHU, Curitiba, PR, Brasil",strong,-25.3961337,-49.2596312,"Rua Manoel Padilha de Lima, Ahú, Curitiba, Paraná, Região Sul, 82200-310, Brasil",,residential,150299037,
2025,01/04/2025,Coleta,Resíduos vegetais de jardim,Concluído,RUA DO HERVAL,CRISTO REI,Unidade Regional Matriz,Mobile,355397,"RUA DO HERVAL, CRISTO REI, Curitiba, PR, Brasil",strong,-25.4328205,-49.2471688,"Rua do Herval, Cristo Rei, Curitiba, Paraná, Região Sul, 80050-152, Brasil",,residential,24879772,
2025,17/07/2025,Animais,Maus tratos - Animais domésticos,Concluído,RUA ODILON SANTANA GOMES,PILARZINHO,Unidade Regional Boa Vista,Telefone,359353,"RUA ODILON SANTANA GOMES, PILARZINHO, Curitiba, PR, Brasil",strong,-25.3873858,-49.2857986,"Rua Odilon Santana Gomes, Pilarzinho, Curitiba, Paraná, Região Sul, 82110-350, Brasil",,residential,150296408,
2025,29/01/2025,Lombada física,Implantação,Concluído,RUA FRANCISCO DEROSSO,XAXIM,Unidade Regional Boqueirao,Telefone,367934,"RUA FRANCISCO DEROSSO, XAXIM, Curitiba, PR, Brasil",strong,-25.4964202,-49.2741017,"Rua Francisco Derosso, Xaxim, Curitiba, Paraná, Região Sul, 81810-440, Brasil",,secondary,195718580,
2025,30/01/2025,Trânsito,Fiscalização de estacionamento irregular,Concluído,Rua Cândido Lopes,CENTRO,Unidade Regional Matriz,Mobile,371078,"Rua Cândido Lopes, CENTRO, Curitiba, PR, Brasil",strong,-25.4324051,-49.2759272,"Rua Cândido Lopes, Centro, Curitiba, Paraná, Região Sul, 80410-201, Brasil",,residential,291750963,
2025,27/09/2025,Coleta,Resíduos vegetais de jardim,Concluído,RUA SERTANEJA,SITIO CERCADO,Unidade Regional Bairro Novo,Telefone,386039,"RUA SERTANEJA, SITIO CERCADO, Curitiba, PR, Brasil",strong,-25.5397979,-49.2837532,"Rua Sertaneja, Sítio Cercado, Curitiba, Paraná, Região Sul, 81880-320, Brasil",,residential,129015272,
2025,03/05/2025,Sinalização horizontal,Repintura,Concluído,TRAVESSA MONTEIRO LOBATO,CENTRO,Unidade Regional Matriz,Telefone,393655,"TRAVESSA MONTEIRO LOBATO, CENTRO, Curitiba, PR, Brasil",strong,-25.4307616,-49.2829061,"Travessa Monteiro Lobato, Centro, Curitiba, Paraná, Região Sul, 80410-140, Brasil",,residential,163508306,
2025,03/05/2025,Trânsito,Fiscalização de estacionamento irregular,Concluído,TRAVESSA MONTEIRO LOBATO,CENTRO,Unidade Regional Matriz,Telefone,393655,"TRAVESSA MONTEIRO LOBATO, CENTRO, Curitiba, PR, Brasil",strong,-25.4307616,-49.2829061,"Travessa Monteiro Lobato, Centro, Curitiba, Paraná, Região Sul, 80410-140, Brasil",,residential,163508306,
2025,07/04/2025,Coleta,Entulhos diversos (pequena quantidade),Concluído,Rua Desembargador Augusto Guimarães Cortês,CAMPINA DO SIQUEIRA,Unidade Regional Santa Felicidade,Mobile,412790,"Rua Desembargador Augusto Guimarães Cortês, CAMPINA DO SIQUEIRA, Curitiba, PR, Brasil",strong,-25.4347837,-49.3134812,"Rua Desembargador Augusto Guimarães Côrtes, Campina do Siqueira, Curitiba, Paraná, Região Sul, 80740-050, Brasil",,residential,385090772,
2025,07/04/2025,Árvore,Remoção de tocos / destoca,Concluído,Rua Desembargador Augusto Guimarães Cortês,CAMPINA DO SIQUEIRA,Unidade Regional Santa Felicidade,Mobile,412790,"Rua Desembargador Augusto Guimarães Cortês, CAMPINA DO SIQUEIRA, Curitiba, PR, Brasil",strong,-25.4347837,-49.3134812,"Rua Desembargador Augusto Guimarães Côrtes, Campina do Siqueira, Curitiba, Paraná, Região Sul, 80740-050, Brasil",,residential,385090772,
2025,02/11/2025,Praças,Manutenção,Concluído,Presidente Eisenhower,JARDIM SOCIAL,Unidade Regional Matriz,Portal,421292,"Presidente Eisenhower, JARDIM SOCIAL, Curitiba, PR, Brasil",medium,-25.414689,-49.2397256,"Praça Presidente Eisenhower, 60, Jardim Social, Curitiba, Paraná, Região Sul, Brasil",,park,360741734,
2025,05/09/2025,Coleta,Caliças até 5 carrinhos de mão,Concluído,Rua Abrão Jak Duck,XAXIM,Unidade Regional Boqueirao,Mobile,469820,"Rua Abrão Jak Duck, XAXIM, Curitiba, PR, Brasil",medium,-25.5008748,-49.2678646,"Xaxim, Curitiba, Paraná, Região Sul, 81710-210, Brasil",,suburb,3012156958,fallback_bairro_apos_rua_sem_resultado_em_bbox
2025,30/12/2025,Coleta,Entulhos diversos (pequena quantidade),Aberto,Rua Coronel Francisco de Paula Moura Brito,BACACHERI,Unidade Regional Boa Vista,Mobile,476404,"Rua Coronel Francisco de Paula Moura Brito, BACACHERI, Curitiba, PR, Brasil",medium,-25.3968497,-49.2344563,"Bacacheri, Curitiba, Paraná, Região Sul, Brasil",,administrative,6231364,fallback_bairro_apos_rua_sem_resultado_em_bbox
2025,30/12/2025,Árvore,Poda de manutenção em árvores,Aberto,Rua Coronel Francisco de Paula Moura Brito,BACACHERI,Unidade Regional Boa Vista,Mobile,476404,"Rua Coronel Francisco de Paula Moura Brito, BACACHERI, Curitiba, PR, Brasil",medium,-25.3968497,-49.2344563,"Bacacheri, Curitiba, Paraná, Região Sul, Brasil",,administrative,6231364,fallback_bairro_apos_rua_sem_resultado_em_bbox
2025,02/06/2025,Coleta,Resíduos vegetais de jardim,Concluído,RUA ERNESTO GUARIZA,JARDIM DAS AMERICAS,Unidade Regional Cajuru,Mobile,489922,"RUA ERNESTO GUARIZA, JARDIM DAS AMERICAS, Curitiba, PR, Brasil",strong,-25.459569,-49.2375535,"Rua Ernesto Guariza, Jardim das Américas, Curitiba, Paraná, Região Sul, 81520-000, Brasil",,residential,125381897,
2025,01/07/2025,Coleta,Caliças até 5 carrinhos de mão,Concluído,Rua da Trindade,CAJURU,Unidade Regional Cajuru,Mobile,495121,"Rua da Trindade, CAJURU, Curitiba, PR, Brasil",strong,-25.451848,-49.2036852,"Rua da Trindade, Cajuru, Curitiba, Paraná, Região Sul, 82930-240, Brasil",,secondary,33019287,
2026,29/05/2026,Coleta,Entulhos diversos (pequena quantidade),Concluído,Rua Luiz França,CAJURU,Unidade Regional Cajuru,Telefone,11855,"Rua Luiz França, CAJURU, Curitiba, PR, Brasil",strong,-25.4592361,-49.2160785,"Rua Luiz França, Cajuru, Curitiba, Paraná, Região Sul, 82940-280, Brasil",,secondary,317975012,
2026,21/07/2026,Coleta,Resíduos vegetais de jardim,Aberto,Rua do Camacuan,UBERABA,Unidade Regional Cajuru,App 156,23445,"Rua do Camacuan, UBERABA, Curitiba, PR, Brasil",strong,-25.481599,-49.2053592,"Rua do Camacuam, Uberaba, Curitiba, Paraná, Região Sul, 81590-250, Brasil",,residential,33020861,
2026,26/01/2026,Cartão transporte,Geral,Concluído,General Teodorico Guimarães,FANNY,Unidade Regional Pinheirinho,Portal,64378,"General Teodorico Guimarães, FANNY, Curitiba, PR, Brasil",strong,-25.4767574,-49.2640461,"Rua General Teodorico Guimarães, Fanny, Curitiba, Paraná, Região Sul, 80630-280, Brasil",,residential,126271632,
2026,02/06/2026,Trânsito,Fiscalização de estacionamento irregular,Concluído,Rua Visconde de Nácar,CENTRO,Unidade Regional Matriz,App 156,66780,"Rua Visconde de Nácar, CENTRO, Curitiba, PR, Brasil",strong,-25.4361328,-49.2749104,"Rua Visconde de Nacar, Centro, Curitiba, Paraná, Região Sul, 80010-030, Brasil",,tertiary,125542069,
2026,02/06/2026,Trânsito,Fiscalização de estacionamento irregular,Concluído,Rua Visconde de Nácar,CENTRO,Unidade Regional Matriz,App 156,66780,"Rua Visconde de Nácar, CENTRO, Curitiba, PR, Brasil",strong,-25.4361328,-49.2749104,"Rua Visconde de Nacar, Centro, Curitiba, Paraná, Região Sul, 80010-030, Brasil",,tertiary,125542069,
2026,02/02/2026,Trânsito,Fiscalização de estacionamento irregular,Concluído,Rua Solimões,MERCES,Unidade Regional Matriz,Telefone,86964,"Rua Solimões, MERCES, Curitiba, PR, Brasil",strong,-25.4185963,-49.2846146,"Rua Solimões, Mercês, Curitiba, Paraná, Região Sul, 80510-340, Brasil",,residential,32943940,
2026,16/05/2026,Disque Solidariedade,Doações,Concluído,Rua João Winter,XAXIM,Unidade Regional Boqueirao,App 156,91640,"Rua João Winter, XAXIM, Curitiba, PR, Brasil",strong,-25.518208,-49.2568672,"Rua João Winter, Xaxim, Curitiba, Paraná, Região Sul, 81830-285, Brasil",,residential,164769213,
2026,04/02/2026,Fiscalização de obras,Alvará de construção,Aberto,Presidente Affonso Camargo,JARDIM BOTANICO,Unidade Regional Matriz,Portal,94172,"Presidente Affonso Camargo, JARDIM BOTANICO, Curitiba, PR, Brasil",strong,-25.4358082,-49.2571375,"Avenida Presidente Affonso Camargo, Jardim Botânico, Curitiba, Paraná, Região Sul, 80060-090, Brasil",,primary,195556937,
2026,23/06/2026,Coleta,Resíduos vegetais de jardim,Aberto,Rua Rio Araguari,BAIRRO ALTO,Unidade Regional Boa Vista,Telefone,108659,"Rua Rio Araguari, BAIRRO ALTO, Curitiba, PR, Brasil",strong,-25.4107044,-49.1981321,"Rua Rio Araguari, Bairro Alto, Curitiba, Paraná, Região Sul, 82820-300, Brasil",,residential,1084903990,
2026,16/06/2026,Coleta,Entulhos diversos (pequena quantidade),Concluído,Rua José Clementino Bettega,CAPAO RASO,Unidade Regional Pinheirinho,App 156,112658,"Rua José Clementino Bettega, CAPAO RASO, Curitiba, PR, Brasil",strong,-25.4994053,-49.2994625,"Rua José Clementino Bettega, Capão Raso, Curitiba, Paraná, Região Sul, 81130-060, Brasil",,residential,48294509,
2026,16/06/2026,Coleta,Resíduos vegetais de jardim,Concluído,Rua José Clementino Bettega,CAPAO RASO,Unidade Regional Pinheirinho,App 156,112658,"Rua José Clementino Bettega, CAPAO RASO, Curitiba, PR, Brasil",strong,-25.4994053,-49.2994625,"Rua José Clementino Bettega, Capão Raso, Curitiba, Paraná, Região Sul, 81130-060, Brasil",,residential,48294509,
2026,06/02/2026,Trânsito,Fiscalização de estacionamento irregular,Concluído,EMILIANO PER,CENTRO,Unidade Regional Matriz,Telefone,126431,"EMILIANO PER, CENTRO, Curitiba, PR, Brasil",medium,-25.4312608,-49.2712771,"Centro, Curitiba, Paraná, Região Sul, Brasil",,administrative,5621947,fallback_bairro_apos_rua_sem_resultado_em_bbox
2026,03/01/2026,Trânsito,Fiscalização de estacionamento irregular,Concluído,RUA GENERAL CARNEIRO,CENTRO,Unidade Regional Matriz,Telefone,130173,"RUA GENERAL CARNEIRO, CENTRO, Curitiba, PR, Brasil",strong,-25.429499,-49.2600392,"Rua General Carneiro, Centro, Curitiba, Paraná, Região Sul, 80060-140, Brasil",,residential,265615038,
2026,03/01/2026,Trânsito,Fiscalização de estacionamento irregular,Concluído,RUA GENERAL CARNEIRO,CENTRO,Unidade Regional Matriz,Telefone,130173,"RUA GENERAL CARNEIRO, CENTRO, Curitiba, PR, Brasil",strong,-25.429499,-49.2600392,"Rua General Carneiro, Centro, Curitiba, Paraná, Região Sul, 80060-140, Brasil",,residential,265615038,
2026,03/01/2026,Trânsito,Fiscalização de estacionamento irregular,Concluído,RUA GENERAL CARNEIRO,CENTRO,Unidade Regional Matriz,Telefone,130173,"RUA GENERAL CARNEIRO, CENTRO, Curitiba, PR, Brasil",strong,-25.429499,-49.2600392,"Rua General Carneiro, Centro, Curitiba, Paraná, Região Sul, 80060-140, Brasil",,residential,265615038,
2026,28/03/2026,Coleta,Entulhos diversos (pequena quantidade),Concluído,Rua Gilmar José Carneiro,XAXIM,Unidade Regional Boqueirao,App 156,147170,"Rua Gilmar José Carneiro, XAXIM, Curitiba, PR, Brasil",strong,-25.5024313,-49.2622259,"Rua Gilmar José Carneiro, Xaxim, Curitiba, Paraná, Região Sul, 81710-000, Brasil",,residential,84913664,
2026,08/05/2026,Coleta,Resíduos vegetais de jardim,Concluído,Rua Inácio Martins,XAXIM,Unidade Regional Boqueirao,App 156,182228,"Rua Inácio Martins, XAXIM, Curitiba, PR, Brasil",strong,-25.5084314,-49.2578421,"Rua Inácio Martins, Xaxim, Curitiba, Paraná, Região Sul, 81720-140, Brasil",,residential,85034916,
2026,01/04/2026,Coleta,Entulhos diversos (pequena quantidade),Concluído,Rua Visconde do Serro Frio,NOVO MUNDO,Unidade Regional Pinheirinho,App 156,192561,"Rua Visconde do Serro Frio, NOVO MUNDO, Curitiba, PR, Brasil",strong,-25.4860385,-49.3068932,"Rua Visconde do Serro Frio, Vila Uberlândia, Novo Mundo, Curitiba, Paraná, Região Sul, 81050-424, Brasil",,residential,129142024,
2026,17/02/2026,Coleta,Caliças até 5 carrinhos de mão,Concluído,Rua do Tratorista,BOQUEIRAO,Unidade Regional Boqueirao,Telefone,209593,"Rua do Tratorista, BOQUEIRAO, Curitiba, PR, Brasil",strong,-25.5058756,-49.2205477,"Rua do Tratorista, Boqueirão, Curitiba, Paraná, Região Sul, 81730-150, Brasil",,residential,85573727,
2026,01/06/2026,Trânsito,Fiscalização de estacionamento irregular,Concluído,RUA COMENDADOR ARAÚJO,CENTRO,Unidade Regional Matriz,Telefone,237398,"RUA COMENDADOR ARAÚJO, CENTRO, Curitiba, PR, Brasil",strong,-25.4372186,-49.2804412,"Rua Comendador Araújo, Centro, Curitiba, Paraná, Região Sul, 80420-000, Brasil",,residential,29464177,
2026,13/05/2026,Coleta,Entulhos diversos (pequena quantidade),Concluído,Rua Patrício Bagolin,CIDADE INDUSTRIAL,Unidade Regional CIC,App 156,240705,"Rua Patrício Bagolin, CIDADE INDUSTRIAL, Curitiba, PR, Brasil",medium,-25.497993,-49.334522,"Cidade Industrial de Curitiba, Curitiba, Paraná, Região Sul, 81350-260, Brasil",,suburb,3012156952,fallback_bairro_apos_rua_sem_resultado_em_bbox
2026,02/06/2026,Trânsito,Fiscalização de estacionamento irregular,Concluído,ALAMEDA DOUTOR CARLOS DE CARVALHO,BATEL,Unidade Regional Matriz,Telefone,246446,"ALAMEDA DOUTOR CARLOS DE CARVALHO, BATEL, Curitiba, PR, Brasil",strong,-25.4350019,-49.2848897,"Alameda Doutor Carlos de Carvalho, Batel, Curitiba, Paraná, Região Sul, 80240-240, Brasil",,tertiary,1544401273,
2026,13/03/2026,Coleta,Resíduos vegetais de jardim,Concluído,Rua Sociólogo Gilberto Freyre,SANTA FELICIDADE,Unidade Regional Santa Felicidade,App 156,252999,"Rua Sociólogo Gilberto Freyre, SANTA FELICIDADE, Curitiba, PR, Brasil",strong,-25.3851138,-49.3357761,"Rua Sociólogo Gilberto Freyre, Santa Felicidade, Curitiba, Paraná, Região Sul, 82410-220, Brasil",,residential,126812410,
2026,13/03/2026,Árvore,Remoção de tocos / destoca,Concluído,Rua Sociólogo Gilberto Freyre,SANTA FELICIDADE,Unidade Regional Santa Felicidade,App 156,252999,"Rua Sociólogo Gilberto Freyre, SANTA FELICIDADE, Curitiba, PR, Brasil",strong,-25.3851138,-49.3357761,"Rua Sociólogo Gilberto Freyre, Santa Felicidade, Curitiba, Paraná, Região Sul, 82410-220, Brasil",,residential,126812410,
2026,06/04/2026,Coleta,Resíduos vegetais de jardim,Concluído,RUA ISMÊNIA VIEIRA DE ALENCAR,CAPAO RASO,Unidade Regional Pinheirinho,Telefone,264329,"RUA ISMÊNIA VIEIRA DE ALENCAR, CAPAO RASO, Curitiba, PR, Brasil",strong,-25.5012171,-49.287831,"Rua Ismênia Vieira de Alencar, Capão Raso, Curitiba, Paraná, Região Sul, 81110-260, Brasil",,residential,24576818,
2026,22/04/2026,Árvore,Poda de manutenção em árvores,Aberto,RUA ELVIRA DOS SANTOS GOULART,CIDADE INDUSTRIAL,Unidade Regional CIC,Telefone,293348,"RUA ELVIRA DOS SANTOS GOULART, CIDADE INDUSTRIAL, Curitiba, PR, Brasil",strong,-25.5112446,-49.3225252,"Rua Elvira dos Santos Goulart, Cidade Industrial de Curitiba, Curitiba, Paraná, Região Sul, 81305-185, Brasil",,residential,1349608421,
2026,18/01/2026,Coleta,Resíduos vegetais de jardim,Concluído,Rua Major França Gomes,SANTA QUITERIA,Unidade Regional Portao,App 156,321157,"Rua Major França Gomes, SANTA QUITERIA, Curitiba, PR, Brasil",strong,-25.4600245,-49.3134642,"Rua Major França Gomes, Santa Quitéria, Curitiba, Paraná, Região Sul, 80310-410, Brasil",,secondary,99496954,
2026,17/02/2026,Coleta,Entulhos diversos (pequena quantidade),Concluído,RUA ANDRELINO PEREIRA DA SILVA,CAMPO DE SANTANA,Unidade Regional Tatuquara,App 156,324579,"RUA ANDRELINO PEREIRA DA SILVA, CAMPO DE SANTANA, Curitiba, PR, Brasil",strong,-25.5847098,-49.3198437,"Rua Andrelino Pereira da Silva, Vila Olinda II, Campo de Santana, Curitiba, Paraná, Região Sul, 81490-090, Brasil",,residential,169645497,
2026,24/02/2026,Coleta,Resíduos vegetais de jardim,Concluído,RUA ALFERES POLI,PAROLIN,Unidade Regional Portao,Telefone,324925,"RUA ALFERES POLI, PAROLIN, Curitiba, PR, Brasil",strong,-25.4563126,-49.2641066,"Rua Alferes Poli, Parolin, Curitiba, Paraná, Região Sul, 80220-081, Brasil",,tertiary,24783521,
2026,23/04/2026,Coleta,Caliças até 5 carrinhos de mão,Concluído,Rua Manoel Felipe Rodrigues Moraes,CAJURU,Unidade Regional Cajuru,App 156,345406,"Rua Manoel Felipe Rodrigues Moraes, CAJURU, Curitiba, PR, Brasil",strong,-25.4671869,-49.1940255,"Rua Manoel Felipe Rodrigues Moraes, Cajuru, Curitiba, Paraná, Região Sul, 82980-100, Brasil",,residential,163153921,
2026,09/04/2026,Coleta,Resíduos vegetais de jardim,Concluído,RUA VALPARAIZO,BACACHERI,Unidade Regional Boa Vista,Telefone,380468,"RUA VALPARAIZO, BACACHERI, Curitiba, PR, Brasil",medium,-25.3968497,-49.2344563,"Bacacheri, Curitiba, Paraná, Região Sul, Brasil",,administrative,6231364,fallback_bairro_apos_rua_sem_resultado_em_bbox
2026,30/06/2026,Árvore,Poda de manutenção em árvores,Aberto,Rua Luiz França,CAJURU,Unidade Regional Cajuru,App 156,396273,"Rua Luiz França, CAJURU, Curitiba, PR, Brasil",strong,-25.4592361,-49.2160785,"Rua Luiz França, Cajuru, Curitiba, Paraná, Região Sul, 82940-280, Brasil",,secondary,317975012,
2026,30/06/2026,Coleta,Caliças até 5 carrinhos de mão,Concluído,Rua Luiz França,CAJURU,Unidade Regional Cajuru,Telefone,396273,"Rua Luiz França, CAJURU, Curitiba, PR, Brasil",strong,-25.4592361,-49.2160785,"Rua Luiz França, Cajuru, Curitiba, Paraná, Região Sul, 82940-280, Brasil",,secondary,317975012,
2026,30/06/2026,Coleta,Caliças até 5 carrinhos de mão,Concluído,Rua Luiz França,CAJURU,Unidade Regional Cajuru,App 156,396273,"Rua Luiz França, CAJURU, Curitiba, PR, Brasil",strong,-25.4592361,-49.2160785,"Rua Luiz França, Cajuru, Curitiba, Paraná, Região Sul, 82940-280, Brasil",,secondary,317975012,
2026,13/03/2026,Coleta,Caliças até 5 carrinhos de mão,Concluído,Rua Adão Casemiro Troczinski,BARREIRINHA,Unidade Regional Boa Vista,App 156,423612,"Rua Adão Casemiro Troczinski, BARREIRINHA, Curitiba, PR, Brasil",strong,-25.3705564,-49.2508417,"Rua Adão Casemiro Troczinski, Barreirinha, Curitiba, Paraná, Região Sul, 82650-430, Brasil",,residential,162219664,
2026,27/04/2026,Coleta,Resíduos vegetais de jardim,Concluído,Rua Professor Fernando Moreira,MERCES,Unidade Regional Matriz,App 156,498083,"Rua Professor Fernando Moreira, MERCES, Curitiba, PR, Brasil",medium,-25.4293235,-49.2851098,"Canaleta Exclusiva BRT, Rua Brigadeiro Franco, Mercês, Curitiba, Paraná, Região Sul, 80410-140, Brasil",,busway,358926105,
2026,19/02/2026,Coleta,Entulhos diversos (pequena quantidade),Concluído,David Hume,PILARZINHO,Unidade Regional Boa Vista,Telefone,516677,"David Hume, PILARZINHO, Curitiba, PR, Brasil",strong,-25.3900738,-49.286427,"Rua David Hume, Pilarzinho, Curitiba, Paraná, Região Sul, 82110-350, Brasil",,residential,150298835,
2026,05/01/2026,Coleta,Caliças até 5 carrinhos de mão,Concluído,RUA ADELAIDE MATTANA VILLA,UBERABA,Unidade Regional Cajuru,Telefone,528017,"RUA ADELAIDE MATTANA VILLA, UBERABA, Curitiba, PR, Brasil",strong,-25.5006371,-49.2166373,"Rua Adelaide Mattana Villa, Uberaba, Curitiba, Paraná, Região Sul, 81580-420, Brasil",,residential,125391136,
2026,27/05/2026,Coleta,Resíduos vegetais de jardim,Concluído,Rua João Crysóstomo da Rosa,CAJURU,Unidade Regional Cajuru,Portal,528770,"Rua João Crysóstomo da Rosa, CAJURU, Curitiba, PR, Brasil",strong,-25.4486039,-49.2232265,"Rua João Crysóstomo da Rosa, Vila Oficinas, Cajuru, Curitiba, Paraná, Região Sul, 82900-240, Brasil",,residential,263641115,
2026,06/07/2026,Coleta,Resíduos vegetais de jardim,Respondido,Rua Pedro Bellon,CAJURU,Unidade Regional Cajuru,Telefone,574475,"Rua Pedro Bellon, CAJURU, Curitiba, PR, Brasil",strong,-25.4496739,-49.2076525,"Rua Pedro Bellon, Cajuru, Curitiba, Paraná, Região Sul, 82930-000, Brasil",,residential,390291891,
