regiao,rotulo,ponto_id,lat,lon,data_evento,ano_fonte,assunto,subdivisao,logradouro,bairro,nivel_confianca,nominatim_nome_exibicao,nominatim_osm_id,tipo_fonte_negativo,fenomeno_ocorrencia,papel_fonte_dataset,uso_permitido,uso_proibido
Curitiba,0,CUR_SIAC156_NEG_2a1b480b0f9155e3,-25.403682,-49.1995729,18/06/2023,2023,Coleta,Resíduos vegetais de jardim,AVENIDA DA INTEGRAÇÃO,BAIRRO ALTO,strong,"Avenida da Integração, Bairro Alto Paraíso, Bairro Alto, Curitiba, Paraná, Região Sul, 82840-200, Brasil",162130052,siac156_curitiba_non_hydrological_category_v1,"non-flood (Coleta/Resíduos vegetais de jardim) - causally independent of rain, see negative_categories_curitiba.py",siac156_curitiba_negative_v1,"Ponto negativo administrativo geocodificado, pareado por bairro com positivo real, sem colisao <30m. Mesma regra causal do v12 Recife.","Nao usar como escore, threshold ou variavel derivada do rotulo. Ausencia de registro NAO foi usada como criterio -- presenca de outro fenomeno real."
Curitiba,0,CUR_SIAC156_NEG_2a1b480b0f9155e3,-25.403682,-49.1995729,18/06/2023,2023,Coleta,Caliças até 5 carrinhos de mão,AVENIDA DA INTEGRAÇÃO,BAIRRO ALTO,strong,"Avenida da Integração, Bairro Alto Paraíso, Bairro Alto, Curitiba, Paraná, Região Sul, 82840-200, Brasil",162130052,siac156_curitiba_non_hydrological_category_v1,"non-flood (Coleta/Caliças até 5 carrinhos de mão) - causally independent of rain, see negative_categories_curitiba.py",siac156_curitiba_negative_v1,"Ponto negativo administrativo geocodificado, pareado por bairro com positivo real, sem colisao <30m. Mesma regra causal do v12 Recife.","Nao usar como escore, threshold ou variavel derivada do rotulo. Ausencia de registro NAO foi usada como criterio -- presenca de outro fenomeno real."
Curitiba,0,CUR_SIAC156_NEG_27d4497e305c4e41,-25.4299249,-49.2450022,30/03/2023,2023,Coleta,Resíduos vegetais de jardim,RUA PRESIDENTE RODRIGO OTÁVIO,ALTO DA RUA XV,strong,"Rua Presidente Rodrigo Otávio, Cristo Rei, Curitiba, Paraná, Região Sul, 80045-380, Brasil",464380537,siac156_curitiba_non_hydrological_category_v1,"non-flood (Coleta/Resíduos vegetais de jardim) - causally independent of rain, see negative_categories_curitiba.py",siac156_curitiba_negative_v1,"Ponto negativo administrativo geocodificado, pareado por bairro com positivo real, sem colisao <30m. Mesma regra causal do v12 Recife.","Nao usar como escore, threshold ou variavel derivada do rotulo. Ausencia de registro NAO foi usada como criterio -- presenca de outro fenomeno real."
Curitiba,0,CUR_SIAC156_NEG_27d4497e305c4e41,-25.4299249,-49.2450022,30/03/2023,2023,Trânsito,Fiscalização de estacionamento irregular,RUA PRESIDENTE RODRIGO OTÁVIO,ALTO DA RUA XV,strong,"Rua Presidente Rodrigo Otávio, Cristo Rei, Curitiba, Paraná, Região Sul, 80045-380, Brasil",464380537,siac156_curitiba_non_hydrological_category_v1,"non-flood (Trânsito/Fiscalização de estacionamento irregular) - causally independent of rain, see negative_categories_curitiba.py",siac156_curitiba_negative_v1,"Ponto negativo administrativo geocodificado, pareado por bairro com positivo real, sem colisao <30m. Mesma regra causal do v12 Recife.","Nao usar como escore, threshold ou variavel derivada do rotulo. Ausencia de registro NAO foi usada como criterio -- presenca de outro fenomeno real."
Curitiba,0,CUR_SIAC156_NEG_27d4497e305c4e41,-25.4299249,-49.2450022,30/03/2023,2023,Coleta,Resíduos vegetais de jardim,RUA PRESIDENTE RODRIGO OTÁVIO,ALTO DA RUA XV,strong,"Rua Presidente Rodrigo Otávio, Cristo Rei, Curitiba, Paraná, Região Sul, 80045-380, Brasil",464380537,siac156_curitiba_non_hydrological_category_v1,"non-flood (Coleta/Resíduos vegetais de jardim) - causally independent of rain, see negative_categories_curitiba.py",siac156_curitiba_negative_v1,"Ponto negativo administrativo geocodificado, pareado por bairro com positivo real, sem colisao <30m. Mesma regra causal do v12 Recife.","Nao usar como escore, threshold ou variavel derivada do rotulo. Ausencia de registro NAO foi usada como criterio -- presenca de outro fenomeno real."
Curitiba,0,CUR_SIAC156_NEG_8e68933a7e257f4a,-25.4556459,-49.3747554,01/02/2023,2023,Coleta,Entulhos diversos (pequena quantidade),RUA SANTO ANTÔNIO DA PLATINA,AUGUSTA,strong,"Rua Santo Antônio da Platina, Augusta, Curitiba, Paraná, Região Sul, 81290-260, Brasil",127528130,siac156_curitiba_non_hydrological_category_v1,"non-flood (Coleta/Entulhos diversos (pequena quantidade)) - causally independent of rain, see negative_categories_curitiba.py",siac156_curitiba_negative_v1,"Ponto negativo administrativo geocodificado, pareado por bairro com positivo real, sem colisao <30m. Mesma regra causal do v12 Recife.","Nao usar como escore, threshold ou variavel derivada do rotulo. Ausencia de registro NAO foi usada como criterio -- presenca de outro fenomeno real."
Curitiba,0,CUR_SIAC156_NEG_8ff42483589ebd5b,-25.4615221,-49.3374616,14/12/2023,2023,Trânsito,Fiscalização imediata,RUA DOUTOR JOSÉ CLÁUDIO RIBEIRO RENNO,CAMPO COMPRIDO,strong,"Rua Doutor José Cláudio Ribeiro Renno, Campo Comprido, Curitiba, Paraná, Região Sul, 81230-162, Brasil",165356700,siac156_curitiba_non_hydrological_category_v1,"non-flood (Trânsito/Fiscalização imediata) - causally independent of rain, see negative_categories_curitiba.py",siac156_curitiba_negative_v1,"Ponto negativo administrativo geocodificado, pareado por bairro com positivo real, sem colisao <30m. Mesma regra causal do v12 Recife.","Nao usar como escore, threshold ou variavel derivada do rotulo. Ausencia de registro NAO foi usada como criterio -- presenca de outro fenomeno real."
Curitiba,0,CUR_SIAC156_NEG_2611bd13589a607c,-25.4747268,-49.2005683,14/12/2023,2023,Coleta,Caliças até 5 carrinhos de mão,Rua Reverendo Lauro de Castro,CAJURU,strong,"Rua Reverendo Lauro de Castro, Cajuru, Curitiba, Paraná, Região Sul, 82980-190, Brasil",160718228,siac156_curitiba_non_hydrological_category_v1,"non-flood (Coleta/Caliças até 5 carrinhos de mão) - causally independent of rain, see negative_categories_curitiba.py",siac156_curitiba_negative_v1,"Ponto negativo administrativo geocodificado, pareado por bairro com positivo real, sem colisao <30m. Mesma regra causal do v12 Recife.","Nao usar como escore, threshold ou variavel derivada do rotulo. Ausencia de registro NAO foi usada como criterio -- presenca de outro fenomeno real."
Curitiba,0,CUR_SIAC156_NEG_e2ed31dc297889e4,-25.4492834,-49.2809875,11/04/2023,2023,Coleta,Entulhos diversos (pequena quantidade),Rua Tenente Max Wolf Filho,AGUA VERDE,strong,"Rua Tenente Max Wolf Filho, Água Verde, Curitiba, Paraná, Região Sul, 80240-050, Brasil",173546195,siac156_curitiba_non_hydrological_category_v1,"non-flood (Coleta/Entulhos diversos (pequena quantidade)) - causally independent of rain, see negative_categories_curitiba.py",siac156_curitiba_negative_v1,"Ponto negativo administrativo geocodificado, pareado por bairro com positivo real, sem colisao <30m. Mesma regra causal do v12 Recife.","Nao usar como escore, threshold ou variavel derivada do rotulo. Ausencia de registro NAO foi usada como criterio -- presenca de outro fenomeno real."
Curitiba,0,CUR_SIAC156_NEG_17798e70097730a8,-25.5833396,-49.3245778,16/12/2023,2023,Trânsito,Fiscalização de estacionamento irregular,Rua Ângelo Tozim,CAMPO DE SANTANA,strong,"Rua Ângelo Tozim, Vila Rurbana, Campo de Santana, Curitiba, Paraná, Região Sul, 81490-040, Brasil",1191925966,siac156_curitiba_non_hydrological_category_v1,"non-flood (Trânsito/Fiscalização de estacionamento irregular) - causally independent of rain, see negative_categories_curitiba.py",siac156_curitiba_negative_v1,"Ponto negativo administrativo geocodificado, pareado por bairro com positivo real, sem colisao <30m. Mesma regra causal do v12 Recife.","Nao usar como escore, threshold ou variavel derivada do rotulo. Ausencia de registro NAO foi usada como criterio -- presenca de outro fenomeno real."
Curitiba,0,CUR_SIAC156_NEG_17798e70097730a8,-25.5833396,-49.3245778,16/12/2023,2023,Poluição,Sonora - Diurna,Rua Ângelo Tozim,CAMPO DE SANTANA,strong,"Rua Ângelo Tozim, Vila Rurbana, Campo de Santana, Curitiba, Paraná, Região Sul, 81490-040, Brasil",1191925966,siac156_curitiba_non_hydrological_category_v1,"non-flood (Poluição/Sonora - Diurna) - causally independent of rain, see negative_categories_curitiba.py",siac156_curitiba_negative_v1,"Ponto negativo administrativo geocodificado, pareado por bairro com positivo real, sem colisao <30m. Mesma regra causal do v12 Recife.","Nao usar como escore, threshold ou variavel derivada do rotulo. Ausencia de registro NAO foi usada como criterio -- presenca de outro fenomeno real."
Curitiba,0,CUR_SIAC156_NEG_45da2300b5b36ae0,-25.4194922,-49.3424385,27/08/2023,2023,Lombada física,Implantação,Doutor Cerqueira Lima,SAO BRAZ,strong,"Rua Doutor Cerqueira Lima, São Braz, Curitiba, Paraná, Região Sul, 82015-570, Brasil",137976601,siac156_curitiba_non_hydrological_category_v1,"non-flood (Lombada física/Implantação) - causally independent of rain, see negative_categories_curitiba.py",siac156_curitiba_negative_v1,"Ponto negativo administrativo geocodificado, pareado por bairro com positivo real, sem colisao <30m. Mesma regra causal do v12 Recife.","Nao usar como escore, threshold ou variavel derivada do rotulo. Ausencia de registro NAO foi usada como criterio -- presenca de outro fenomeno real."
Curitiba,0,CUR_SIAC156_NEG_b6ae7f82b46355d2,-25.410887,-49.3541959,26/11/2023,2023,Coleta,Resíduos vegetais de jardim,Rua Augusto Fleischfresser,SAO BRAZ,strong,"Rua Augusto Fleischfresser, São Braz, Curitiba, Paraná, Região Sul, 82315-420, Brasil",150296348,siac156_curitiba_non_hydrological_category_v1,"non-flood (Coleta/Resíduos vegetais de jardim) - causally independent of rain, see negative_categories_curitiba.py",siac156_curitiba_negative_v1,"Ponto negativo administrativo geocodificado, pareado por bairro com positivo real, sem colisao <30m. Mesma regra causal do v12 Recife.","Nao usar como escore, threshold ou variavel derivada do rotulo. Ausencia de registro NAO foi usada como criterio -- presenca de outro fenomeno real."
Curitiba,0,CUR_SIAC156_NEG_0578fb5d38b3f7ea,-25.3983586,-49.3467704,19/12/2023,2023,Coleta,Resíduos vegetais de jardim,RUA ANGELO ZANOTTO,BUTIATUVINHA,strong,"Rua Ângelo Zanotto, Butiatuvinha, Curitiba, Paraná, Região Sul, 82320-390, Brasil",158126145,siac156_curitiba_non_hydrological_category_v1,"non-flood (Coleta/Resíduos vegetais de jardim) - causally independent of rain, see negative_categories_curitiba.py",siac156_curitiba_negative_v1,"Ponto negativo administrativo geocodificado, pareado por bairro com positivo real, sem colisao <30m. Mesma regra causal do v12 Recife.","Nao usar como escore, threshold ou variavel derivada do rotulo. Ausencia de registro NAO foi usada como criterio -- presenca de outro fenomeno real."
Curitiba,0,CUR_SIAC156_NEG_b85efec9fa773160,-25.4559114,-49.2250443,03/08/2023,2023,Árvore,Poda de manutenção em árvores,RUA JOSE LUCAS,JARDIM DAS AMERICAS,strong,"Rua José Lucas, Jardim das Américas, Curitiba, Paraná, Região Sul, 81530-150, Brasil",64882235,siac156_curitiba_non_hydrological_category_v1,"non-flood (Árvore/Poda de manutenção em árvores) - causally independent of rain, see negative_categories_curitiba.py",siac156_curitiba_negative_v1,"Ponto negativo administrativo geocodificado, pareado por bairro com positivo real, sem colisao <30m. Mesma regra causal do v12 Recife.","Nao usar como escore, threshold ou variavel derivada do rotulo. Ausencia de registro NAO foi usada como criterio -- presenca de outro fenomeno real."
Curitiba,0,CUR_SIAC156_NEG_dca7e44be040966e,-25.4374442,-49.2122617,25/05/2023,2023,Coleta,Resíduos vegetais de jardim,Rua Humberto Mattana,CAPAO DA IMBUIA,strong,"Rua Humberto Mattana, Capão da Imbuia, Curitiba, Paraná, Região Sul, 82810-460, Brasil",152131325,siac156_curitiba_non_hydrological_category_v1,"non-flood (Coleta/Resíduos vegetais de jardim) - causally independent of rain, see negative_categories_curitiba.py",siac156_curitiba_negative_v1,"Ponto negativo administrativo geocodificado, pareado por bairro com positivo real, sem colisao <30m. Mesma regra causal do v12 Recife.","Nao usar como escore, threshold ou variavel derivada do rotulo. Ausencia de registro NAO foi usada como criterio -- presenca de outro fenomeno real."
Curitiba,0,CUR_SIAC156_NEG_e827c126b7559d61,-25.4944631,-49.3460709,20/09/2023,2023,Lombada física,Implantação,RUA DEPUTADO CUNHA BUENO,CIDADE INDUSTRIAL,strong,"Rua Deputado Cunha Bueno, Cidade Industrial de Curitiba, Curitiba, Paraná, Região Sul, 81350-260, Brasil",127354953,siac156_curitiba_non_hydrological_category_v1,"non-flood (Lombada física/Implantação) - causally independent of rain, see negative_categories_curitiba.py",siac156_curitiba_negative_v1,"Ponto negativo administrativo geocodificado, pareado por bairro com positivo real, sem colisao <30m. Mesma regra causal do v12 Recife.","Nao usar como escore, threshold ou variavel derivada do rotulo. Ausencia de registro NAO foi usada como criterio -- presenca de outro fenomeno real."
Curitiba,0,CUR_SIAC156_NEG_56d1b5421e4fcdf4,-25.426686,-49.2674703,06/02/2023,2023,Cartão transporte,Cartão débito/crédito,RUA PRESIDENTE CARLOS CAVALCANTI,CENTRO,strong,"Rua Presidente Carlos Cavalcanti, Centro, Curitiba, Paraná, Região Sul, 80020-270, Brasil",467435130,siac156_curitiba_non_hydrological_category_v1,"non-flood (Cartão transporte/Cartão débito/crédito) - causally independent of rain, see negative_categories_curitiba.py",siac156_curitiba_negative_v1,"Ponto negativo administrativo geocodificado, pareado por bairro com positivo real, sem colisao <30m. Mesma regra causal do v12 Recife.","Nao usar como escore, threshold ou variavel derivada do rotulo. Ausencia de registro NAO foi usada como criterio -- presenca de outro fenomeno real."
Curitiba,0,CUR_SIAC156_NEG_9ac56858eb76509d,-25.4591348,-49.2758453,11/09/2023,2023,Coleta,Resíduos vegetais de jardim,RUA SAMUEL CEZAR,AGUA VERDE,strong,"Rua Samuel Cézar, Água Verde, Curitiba, Paraná, Região Sul, 80620-220, Brasil",52708905,siac156_curitiba_non_hydrological_category_v1,"non-flood (Coleta/Resíduos vegetais de jardim) - causally independent of rain, see negative_categories_curitiba.py",siac156_curitiba_negative_v1,"Ponto negativo administrativo geocodificado, pareado por bairro com positivo real, sem colisao <30m. Mesma regra causal do v12 Recife.","Nao usar como escore, threshold ou variavel derivada do rotulo. Ausencia de registro NAO foi usada como criterio -- presenca de outro fenomeno real."
Curitiba,0,CUR_SIAC156_NEG_c730d3535fb6b7bb,-25.4566238,-49.2761627,23/10/2023,2023,Árvore,Poda de manutenção em árvores,RUA FRANCISCO NEGRÃO,AGUA VERDE,strong,"Rua Francisco Negrão, Água Verde, Curitiba, Paraná, Região Sul, 80620-400, Brasil",52708908,siac156_curitiba_non_hydrological_category_v1,"non-flood (Árvore/Poda de manutenção em árvores) - causally independent of rain, see negative_categories_curitiba.py",siac156_curitiba_negative_v1,"Ponto negativo administrativo geocodificado, pareado por bairro com positivo real, sem colisao <30m. Mesma regra causal do v12 Recife.","Nao usar como escore, threshold ou variavel derivada do rotulo. Ausencia de registro NAO foi usada como criterio -- presenca de outro fenomeno real."
Curitiba,0,CUR_SIAC156_NEG_83999e706c43bc15,-25.4535901,-49.2758875,08/08/2023,2023,Trânsito,Fiscalização de estacionamento irregular,AVENIDA ÁGUA VERDE,AGUA VERDE,strong,"Avenida Água Verde, Água Verde, Curitiba, Paraná, Região Sul, 80620-400, Brasil",43593224,siac156_curitiba_non_hydrological_category_v1,"non-flood (Trânsito/Fiscalização de estacionamento irregular) - causally independent of rain, see negative_categories_curitiba.py",siac156_curitiba_negative_v1,"Ponto negativo administrativo geocodificado, pareado por bairro com positivo real, sem colisao <30m. Mesma regra causal do v12 Recife.","Nao usar como escore, threshold ou variavel derivada do rotulo. Ausencia de registro NAO foi usada como criterio -- presenca de outro fenomeno real."
Curitiba,0,CUR_SIAC156_NEG_7b5f44a243d552f1,-25.4916079,-49.2846502,25/10/2023,2023,Trânsito,Fiscalização de estacionamento irregular,Rua das Andorinhas,NOVO MUNDO,strong,"Rua das Andorinhas, Novo Mundo, Curitiba, Paraná, Região Sul, 81020-420, Brasil",48310142,siac156_curitiba_non_hydrological_category_v1,"non-flood (Trânsito/Fiscalização de estacionamento irregular) - causally independent of rain, see negative_categories_curitiba.py",siac156_curitiba_negative_v1,"Ponto negativo administrativo geocodificado, pareado por bairro com positivo real, sem colisao <30m. Mesma regra causal do v12 Recife.","Nao usar como escore, threshold ou variavel derivada do rotulo. Ausencia de registro NAO foi usada como criterio -- presenca de outro fenomeno real."
Curitiba,0,CUR_SIAC156_NEG_1de8e7eccdb193f5,-25.4961652,-49.2265428,15/08/2023,2023,Trânsito,Fiscalização de bloqueio de pista,RUA ARISTÓTELES DA SILVA SANTOS,BOQUEIRAO,strong,"Rua Aristóteles da Silva Santos, Boqueirão, Curitiba, Paraná, Região Sul, 81650-140, Brasil",85573769,siac156_curitiba_non_hydrological_category_v1,"non-flood (Trânsito/Fiscalização de bloqueio de pista) - causally independent of rain, see negative_categories_curitiba.py",siac156_curitiba_negative_v1,"Ponto negativo administrativo geocodificado, pareado por bairro com positivo real, sem colisao <30m. Mesma regra causal do v12 Recife.","Nao usar como escore, threshold ou variavel derivada do rotulo. Ausencia de registro NAO foi usada como criterio -- presenca de outro fenomeno real."
Curitiba,0,CUR_SIAC156_NEG_ff1f7cf52d638a3c,-25.4620962,-49.2017923,14/07/2023,2023,Coleta,Entulhos diversos (pequena quantidade),Rua Vila Velha,CAJURU,strong,"Rua Vila Velha, Vila Cajuru VIII B, Cajuru, Curitiba, Paraná, Região Sul, 82960-000, Brasil",164123902,siac156_curitiba_non_hydrological_category_v1,"non-flood (Coleta/Entulhos diversos (pequena quantidade)) - causally independent of rain, see negative_categories_curitiba.py",siac156_curitiba_negative_v1,"Ponto negativo administrativo geocodificado, pareado por bairro com positivo real, sem colisao <30m. Mesma regra causal do v12 Recife.","Nao usar como escore, threshold ou variavel derivada do rotulo. Ausencia de registro NAO foi usada como criterio -- presenca de outro fenomeno real."
Curitiba,0,CUR_SIAC156_NEG_e0daa35d46673de4,-25.400257,-49.2424066,05/12/2023,2023,Trânsito,Fiscalização de estacionamento irregular,RUA DESEMBARGADOR ARTHUR LEME,BACACHERI,strong,"Rua Desembargador Arthur Leme, Bacacheri, Curitiba, Paraná, Região Sul, 82510-180, Brasil",150348503,siac156_curitiba_non_hydrological_category_v1,"non-flood (Trânsito/Fiscalização de estacionamento irregular) - causally independent of rain, see negative_categories_curitiba.py",siac156_curitiba_negative_v1,"Ponto negativo administrativo geocodificado, pareado por bairro com positivo real, sem colisao <30m. Mesma regra causal do v12 Recife.","Nao usar como escore, threshold ou variavel derivada do rotulo. Ausencia de registro NAO foi usada como criterio -- presenca de outro fenomeno real."
Curitiba,0,CUR_SIAC156_NEG_0df5d094ff42c7b3,-25.5181959,-49.2656907,04/02/2023,2023,Coleta,Caliças até 5 carrinhos de mão,RUA JOÃO KASDORF,XAXIM,strong,"Rua João Kasdorf, Vila Mariana, Xaxim, Curitiba, Paraná, Região Sul, 81830-230, Brasil",85022423,siac156_curitiba_non_hydrological_category_v1,"non-flood (Coleta/Caliças até 5 carrinhos de mão) - causally independent of rain, see negative_categories_curitiba.py",siac156_curitiba_negative_v1,"Ponto negativo administrativo geocodificado, pareado por bairro com positivo real, sem colisao <30m. Mesma regra causal do v12 Recife.","Nao usar como escore, threshold ou variavel derivada do rotulo. Ausencia de registro NAO foi usada como criterio -- presenca de outro fenomeno real."
Curitiba,0,CUR_SIAC156_NEG_18f80a4e41512db8,-25.3668777,-49.2295593,16/05/2023,2023,Coleta,Resíduos vegetais de jardim,Rua João Ortolani,SANTA CANDIDA,strong,"Rua João Ortolani, Moradas do Porto, Santa Cândida, Curitiba, Paraná, Região Sul, 82640-010, Brasil",166727302,siac156_curitiba_non_hydrological_category_v1,"non-flood (Coleta/Resíduos vegetais de jardim) - causally independent of rain, see negative_categories_curitiba.py",siac156_curitiba_negative_v1,"Ponto negativo administrativo geocodificado, pareado por bairro com positivo real, sem colisao <30m. Mesma regra causal do v12 Recife.","Nao usar como escore, threshold ou variavel derivada do rotulo. Ausencia de registro NAO foi usada como criterio -- presenca de outro fenomeno real."
Curitiba,0,CUR_SIAC156_NEG_a7f60a15350dc941,-25.4926943,-49.2872919,18/11/2023,2023,Trânsito,Fiscalização de estacionamento irregular,Rua Capitão Ernesto dos Anjos Barbosa,NOVO MUNDO,strong,"Rua Capitão Ernesto dos Anjos Barbosa, Novo Mundo, Curitiba, Paraná, Região Sul, 81020-320, Brasil",48310141,siac156_curitiba_non_hydrological_category_v1,"non-flood (Trânsito/Fiscalização de estacionamento irregular) - causally independent of rain, see negative_categories_curitiba.py",siac156_curitiba_negative_v1,"Ponto negativo administrativo geocodificado, pareado por bairro com positivo real, sem colisao <30m. Mesma regra causal do v12 Recife.","Nao usar como escore, threshold ou variavel derivada do rotulo. Ausencia de registro NAO foi usada como criterio -- presenca de outro fenomeno real."
Curitiba,0,CUR_SIAC156_NEG_160a0b9c2b3f8250,-25.4219933,-49.2325129,21/11/2023,2023,Coleta,Resíduos vegetais de jardim,Rua Arcésio Guimarães,JARDIM SOCIAL,strong,"Rua Arcésio Guimarães, Jardim Social, Curitiba, Paraná, Região Sul, 82520-000, Brasil",173185745,siac156_curitiba_non_hydrological_category_v1,"non-flood (Coleta/Resíduos vegetais de jardim) - causally independent of rain, see negative_categories_curitiba.py",siac156_curitiba_negative_v1,"Ponto negativo administrativo geocodificado, pareado por bairro com positivo real, sem colisao <30m. Mesma regra causal do v12 Recife.","Nao usar como escore, threshold ou variavel derivada do rotulo. Ausencia de registro NAO foi usada como criterio -- presenca de outro fenomeno real."
Curitiba,0,CUR_SIAC156_NEG_0f90823181be3c9d,-25.4259116,-49.2845356,09/08/2024,2024,Trânsito,Fiscalização de estacionamento irregular,ALAMEDA PRUDENTE DE MORAES,MERCES,strong,"Alameda Prudente de Moraes, Mercês, Curitiba, Paraná, Região Sul, 81020-430, Brasil",29429111,siac156_curitiba_non_hydrological_category_v1,"non-flood (Trânsito/Fiscalização de estacionamento irregular) - causally independent of rain, see negative_categories_curitiba.py",siac156_curitiba_negative_v1,"Ponto negativo administrativo geocodificado, pareado por bairro com positivo real, sem colisao <30m. Mesma regra causal do v12 Recife.","Nao usar como escore, threshold ou variavel derivada do rotulo. Ausencia de registro NAO foi usada como criterio -- presenca de outro fenomeno real."
Curitiba,0,CUR_SIAC156_NEG_7407e127fc5c420d,-25.4619037,-49.2545872,28/01/2024,2024,Trânsito,Fiscalização de estacionamento irregular,Rua Aluízio Finzetto,PRADO VELHO,strong,"Rua Aluízio Finzetto, Prado Velho, Curitiba, Paraná, Região Sul, 81610-000, Brasil",1486670646,siac156_curitiba_non_hydrological_category_v1,"non-flood (Trânsito/Fiscalização de estacionamento irregular) - causally independent of rain, see negative_categories_curitiba.py",siac156_curitiba_negative_v1,"Ponto negativo administrativo geocodificado, pareado por bairro com positivo real, sem colisao <30m. Mesma regra causal do v12 Recife.","Nao usar como escore, threshold ou variavel derivada do rotulo. Ausencia de registro NAO foi usada como criterio -- presenca de outro fenomeno real."
Curitiba,0,CUR_SIAC156_NEG_79c5a6d5a66f7c39,-25.4461639,-49.2542402,15/01/2024,2024,Animais domésticos,Remoção de caninos mortos,Rua Chile,REBOUCAS,strong,"Rua Chile, Rebouças, Curitiba, Paraná, Região Sul, 80215-150, Brasil",43547880,siac156_curitiba_non_hydrological_category_v1,"non-flood (Animais domésticos/Remoção de caninos mortos) - causally independent of rain, see negative_categories_curitiba.py",siac156_curitiba_negative_v1,"Ponto negativo administrativo geocodificado, pareado por bairro com positivo real, sem colisao <30m. Mesma regra causal do v12 Recife.","Nao usar como escore, threshold ou variavel derivada do rotulo. Ausencia de registro NAO foi usada como criterio -- presenca de outro fenomeno real."
Curitiba,0,CUR_SIAC156_NEG_7c1f6876f9cf4c31,-25.4143755,-49.2683269,10/11/2024,2024,Trânsito,Fiscalização de estacionamento irregular,Avenida Candi,CENTRO CIVICO,medium,"Centro Cívico, Curitiba, Paraná, Região Sul, Brasil",6204419,siac156_curitiba_non_hydrological_category_v1,"non-flood (Trânsito/Fiscalização de estacionamento irregular) - causally independent of rain, see negative_categories_curitiba.py",siac156_curitiba_negative_v1,"Ponto negativo administrativo geocodificado, pareado por bairro com positivo real, sem colisao <30m. Mesma regra causal do v12 Recife.","Nao usar como escore, threshold ou variavel derivada do rotulo. Ausencia de registro NAO foi usada como criterio -- presenca de outro fenomeno real."
Curitiba,0,CUR_SIAC156_NEG_12349e6e9b90944e,-25.4811815,-49.2098025,31/12/2024,2024,Coleta,Resíduos vegetais de jardim,Rua Arthur José Nísio,UBERABA,strong,"Rua Arthur José Nísio, Uberaba, Curitiba, Paraná, Região Sul, 81550-080, Brasil",187779532,siac156_curitiba_non_hydrological_category_v1,"non-flood (Coleta/Resíduos vegetais de jardim) - causally independent of rain, see negative_categories_curitiba.py",siac156_curitiba_negative_v1,"Ponto negativo administrativo geocodificado, pareado por bairro com positivo real, sem colisao <30m. Mesma regra causal do v12 Recife.","Nao usar como escore, threshold ou variavel derivada do rotulo. Ausencia de registro NAO foi usada como criterio -- presenca de outro fenomeno real."
Curitiba,0,CUR_SIAC156_NEG_77468b164b9e60f0,-25.5005686,-49.2985134,12/02/2024,2024,Coleta,Resíduos vegetais de jardim,RUA DOMINGOS GABARDO,CAPAO RASO,strong,"Rua Domingos Gabardo, Capão Raso, Curitiba, Paraná, Região Sul, 81130-060, Brasil",48294499,siac156_curitiba_non_hydrological_category_v1,"non-flood (Coleta/Resíduos vegetais de jardim) - causally independent of rain, see negative_categories_curitiba.py",siac156_curitiba_negative_v1,"Ponto negativo administrativo geocodificado, pareado por bairro com positivo real, sem colisao <30m. Mesma regra causal do v12 Recife.","Nao usar como escore, threshold ou variavel derivada do rotulo. Ausencia de registro NAO foi usada como criterio -- presenca de outro fenomeno real."
Curitiba,0,CUR_SIAC156_NEG_fab1cf1f08d4880c,-25.4759645,-49.2233974,16/12/2024,2024,Coleta,Entulhos diversos (pequena quantidade),RUA ARATICUM,UBERABA,strong,"Rua Araticum, Uberaba, Curitiba, Paraná, Região Sul, 81540-590, Brasil",125396753,siac156_curitiba_non_hydrological_category_v1,"non-flood (Coleta/Entulhos diversos (pequena quantidade)) - causally independent of rain, see negative_categories_curitiba.py",siac156_curitiba_negative_v1,"Ponto negativo administrativo geocodificado, pareado por bairro com positivo real, sem colisao <30m. Mesma regra causal do v12 Recife.","Nao usar como escore, threshold ou variavel derivada do rotulo. Ausencia de registro NAO foi usada como criterio -- presenca de outro fenomeno real."
Curitiba,0,CUR_SIAC156_NEG_643c04e7da235c4c,-25.498382,-49.2608756,08/02/2024,2024,Coleta,Entulhos diversos (pequena quantidade),RUA ENÉAS ALMEIDA EIDAM,XAXIM,strong,"Rua Enéas Almeida Eidam, Xaxim, Curitiba, Paraná, Região Sul, 81710-380, Brasil",390174020,siac156_curitiba_non_hydrological_category_v1,"non-flood (Coleta/Entulhos diversos (pequena quantidade)) - causally independent of rain, see negative_categories_curitiba.py",siac156_curitiba_negative_v1,"Ponto negativo administrativo geocodificado, pareado por bairro com positivo real, sem colisao <30m. Mesma regra causal do v12 Recife.","Nao usar como escore, threshold ou variavel derivada do rotulo. Ausencia de registro NAO foi usada como criterio -- presenca de outro fenomeno real."
Curitiba,0,CUR_SIAC156_NEG_285ac10fb1d92eda,-25.3835194,-49.2093745,02/10/2024,2024,Coleta,Caliças até 5 carrinhos de mão,RUA ENGENHEIRO JAYME MATZENBACHER,ATUBA,strong,"Rua Engenheiro Jayme Matzenbacher, Atuba, Curitiba, Paraná, Região Sul, 82630-309, Brasil",160681555,siac156_curitiba_non_hydrological_category_v1,"non-flood (Coleta/Caliças até 5 carrinhos de mão) - causally independent of rain, see negative_categories_curitiba.py",siac156_curitiba_negative_v1,"Ponto negativo administrativo geocodificado, pareado por bairro com positivo real, sem colisao <30m. Mesma regra causal do v12 Recife.","Nao usar como escore, threshold ou variavel derivada do rotulo. Ausencia de registro NAO foi usada como criterio -- presenca de outro fenomeno real."
Curitiba,0,CUR_SIAC156_NEG_2b074dfb64a2d5a0,-25.5426076,-49.2970434,12/07/2024,2024,Coleta,Entulhos diversos (pequena quantidade),Rua Professora Augusta Ribas,PINHEIRINHO,strong,"Rua Professora Augusta Ribas, Pinheirinho, Curitiba, Paraná, Região Sul, 81880-000, Brasil",129015216,siac156_curitiba_non_hydrological_category_v1,"non-flood (Coleta/Entulhos diversos (pequena quantidade)) - causally independent of rain, see negative_categories_curitiba.py",siac156_curitiba_negative_v1,"Ponto negativo administrativo geocodificado, pareado por bairro com positivo real, sem colisao <30m. Mesma regra causal do v12 Recife.","Nao usar como escore, threshold ou variavel derivada do rotulo. Ausencia de registro NAO foi usada como criterio -- presenca de outro fenomeno real."
Curitiba,0,CUR_SIAC156_NEG_419f8a0350fa9c35,-25.3811553,-49.2749411,30/04/2024,2024,Coleta,Resíduos vegetais de jardim,RUA BENEDITO CORREIA DE FREITAS,ABRANCHES,strong,"Rua Benedito Correia de Freitas, Abranches, Curitiba, Paraná, Região Sul, 82130-230, Brasil",161997924,siac156_curitiba_non_hydrological_category_v1,"non-flood (Coleta/Resíduos vegetais de jardim) - causally independent of rain, see negative_categories_curitiba.py",siac156_curitiba_negative_v1,"Ponto negativo administrativo geocodificado, pareado por bairro com positivo real, sem colisao <30m. Mesma regra causal do v12 Recife.","Nao usar como escore, threshold ou variavel derivada do rotulo. Ausencia de registro NAO foi usada como criterio -- presenca de outro fenomeno real."
Curitiba,0,CUR_SIAC156_NEG_bd8049d783aeb8e6,-25.5362685,-49.2616497,16/03/2024,2024,Coleta,Resíduos vegetais de jardim,Rua Doutor Lauro Gentio Portugal Tavares,SITIO CERCADO,strong,"Rua Doutor Lauro Gentio Portugal Tavares, Sítio Cercado, Curitiba, Paraná, Região Sul, 81910-470, Brasil",127245296,siac156_curitiba_non_hydrological_category_v1,"non-flood (Coleta/Resíduos vegetais de jardim) - causally independent of rain, see negative_categories_curitiba.py",siac156_curitiba_negative_v1,"Ponto negativo administrativo geocodificado, pareado por bairro com positivo real, sem colisao <30m. Mesma regra causal do v12 Recife.","Nao usar como escore, threshold ou variavel derivada do rotulo. Ausencia de registro NAO foi usada como criterio -- presenca de outro fenomeno real."
Curitiba,0,CUR_SIAC156_NEG_4c69c36788da33a6,-25.4799601,-49.3456184,12/01/2024,2024,Coleta,Entulhos diversos (pequena quantidade),Rua Doutor Nelson Luiz Wolski Velloso,CIDADE INDUSTRIAL,strong,"Rua Doutor Nelson Luiz Wolski Velloso, Cidade Industrial de Curitiba, Curitiba, Paraná, Região Sul, 81250-350, Brasil",83058529,siac156_curitiba_non_hydrological_category_v1,"non-flood (Coleta/Entulhos diversos (pequena quantidade)) - causally independent of rain, see negative_categories_curitiba.py",siac156_curitiba_negative_v1,"Ponto negativo administrativo geocodificado, pareado por bairro com positivo real, sem colisao <30m. Mesma regra causal do v12 Recife.","Nao usar como escore, threshold ou variavel derivada do rotulo. Ausencia de registro NAO foi usada como criterio -- presenca de outro fenomeno real."
Curitiba,0,CUR_SIAC156_NEG_4c69c36788da33a6,-25.4799601,-49.3456184,12/01/2024,2024,Coleta,Resíduos vegetais de jardim,Rua Doutor Nelson Luiz Wolski Velloso,CIDADE INDUSTRIAL,strong,"Rua Doutor Nelson Luiz Wolski Velloso, Cidade Industrial de Curitiba, Curitiba, Paraná, Região Sul, 81250-350, Brasil",83058529,siac156_curitiba_non_hydrological_category_v1,"non-flood (Coleta/Resíduos vegetais de jardim) - causally independent of rain, see negative_categories_curitiba.py",siac156_curitiba_negative_v1,"Ponto negativo administrativo geocodificado, pareado por bairro com positivo real, sem colisao <30m. Mesma regra causal do v12 Recife.","Nao usar como escore, threshold ou variavel derivada do rotulo. Ausencia de registro NAO foi usada como criterio -- presenca de outro fenomeno real."
Curitiba,0,CUR_SIAC156_NEG_bb7afc6993d43655,-25.4046825,-49.3364547,20/02/2024,2024,Árvore,Poda de manutenção em árvores,Rua Inácio Slompo,SANTA FELICIDADE,strong,"Rua Inácio Slompo, Santa Felicidade, Curitiba, Paraná, Região Sul, 82320-040, Brasil",158626309,siac156_curitiba_non_hydrological_category_v1,"non-flood (Árvore/Poda de manutenção em árvores) - causally independent of rain, see negative_categories_curitiba.py",siac156_curitiba_negative_v1,"Ponto negativo administrativo geocodificado, pareado por bairro com positivo real, sem colisao <30m. Mesma regra causal do v12 Recife.","Nao usar como escore, threshold ou variavel derivada do rotulo. Ausencia de registro NAO foi usada como criterio -- presenca de outro fenomeno real."
Curitiba,0,CUR_SIAC156_NEG_5bbccd71b34d39fa,-25.3872682,-49.2927207,29/03/2024,2024,Coleta,Resíduos vegetais de jardim,Rua Jorge Gava,PILARZINHO,strong,"Rua Jorge Gava, Vila Nori - Jardim Cosmos, Pilarzinho, Curitiba, Paraná, Região Sul, 82110-350, Brasil",150296278,siac156_curitiba_non_hydrological_category_v1,"non-flood (Coleta/Resíduos vegetais de jardim) - causally independent of rain, see negative_categories_curitiba.py",siac156_curitiba_negative_v1,"Ponto negativo administrativo geocodificado, pareado por bairro com positivo real, sem colisao <30m. Mesma regra causal do v12 Recife.","Nao usar como escore, threshold ou variavel derivada do rotulo. Ausencia de registro NAO foi usada como criterio -- presenca de outro fenomeno real."
Curitiba,0,CUR_SIAC156_NEG_2d3f679197336ad6,-25.4074031,-49.3445263,07/08/2024,2024,Coleta,Resíduos vegetais de jardim,RUA GIOVANNI DALLA PALMA,SAO BRAZ,strong,"Rua Giovanni Dalla Palma, São Braz, Curitiba, Paraná, Região Sul, 82320-390, Brasil",150298987,siac156_curitiba_non_hydrological_category_v1,"non-flood (Coleta/Resíduos vegetais de jardim) - causally independent of rain, see negative_categories_curitiba.py",siac156_curitiba_negative_v1,"Ponto negativo administrativo geocodificado, pareado por bairro com positivo real, sem colisao <30m. Mesma regra causal do v12 Recife.","Nao usar como escore, threshold ou variavel derivada do rotulo. Ausencia de registro NAO foi usada como criterio -- presenca de outro fenomeno real."
Curitiba,0,CUR_SIAC156_NEG_622b8765e70dc3d1,-25.3889766,-49.2938027,18/04/2024,2024,Coleta,Entulhos diversos (pequena quantidade),Rua Antonio Petruzziello,PILARZINHO,strong,"Rua Antônio Petruzziello, Pilarzinho, Curitiba, Paraná, Região Sul, 82110-350, Brasil",150298939,siac156_curitiba_non_hydrological_category_v1,"non-flood (Coleta/Entulhos diversos (pequena quantidade)) - causally independent of rain, see negative_categories_curitiba.py",siac156_curitiba_negative_v1,"Ponto negativo administrativo geocodificado, pareado por bairro com positivo real, sem colisao <30m. Mesma regra causal do v12 Recife.","Nao usar como escore, threshold ou variavel derivada do rotulo. Ausencia de registro NAO foi usada como criterio -- presenca de outro fenomeno real."
Curitiba,0,CUR_SIAC156_NEG_a317d9f9fbb4f5ec,-25.417762,-49.2975323,01/09/2024,2024,Trânsito,Fiscalização de estacionamento irregular,Rua Paulo Martins,MERCES,strong,"Rua Paulo Martins, Mercês, Curitiba, Paraná, Região Sul, 80810-345, Brasil",29548943,siac156_curitiba_non_hydrological_category_v1,"non-flood (Trânsito/Fiscalização de estacionamento irregular) - causally independent of rain, see negative_categories_curitiba.py",siac156_curitiba_negative_v1,"Ponto negativo administrativo geocodificado, pareado por bairro com positivo real, sem colisao <30m. Mesma regra causal do v12 Recife.","Nao usar como escore, threshold ou variavel derivada do rotulo. Ausencia de registro NAO foi usada como criterio -- presenca de outro fenomeno real."
Curitiba,0,CUR_SIAC156_NEG_0cec881410fa9dab,-25.4154623,-49.359722,16/10/2024,2024,Coleta,Resíduos vegetais de jardim,RUA EDUARDO JARNICKI,SAO BRAZ,strong,"Rua Eduardo Jarnicki, São Braz, Curitiba, Paraná, Região Sul, 82315-420, Brasil",158227367,siac156_curitiba_non_hydrological_category_v1,"non-flood (Coleta/Resíduos vegetais de jardim) - causally independent of rain, see negative_categories_curitiba.py",siac156_curitiba_negative_v1,"Ponto negativo administrativo geocodificado, pareado por bairro com positivo real, sem colisao <30m. Mesma regra causal do v12 Recife.","Nao usar como escore, threshold ou variavel derivada do rotulo. Ausencia de registro NAO foi usada como criterio -- presenca de outro fenomeno real."
Curitiba,0,CUR_SIAC156_NEG_c6e3f9db353b9e91,-25.4128552,-49.2874744,03/09/2024,2024,Coleta,Resíduos vegetais de jardim,Avenida Albino Raschendorfer,VISTA ALEGRE,strong,"Avenida Albino Raschendorfer, Vista Alegre, Curitiba, Paraná, Região Sul, 80810-090, Brasil",754962181,siac156_curitiba_non_hydrological_category_v1,"non-flood (Coleta/Resíduos vegetais de jardim) - causally independent of rain, see negative_categories_curitiba.py",siac156_curitiba_negative_v1,"Ponto negativo administrativo geocodificado, pareado por bairro com positivo real, sem colisao <30m. Mesma regra causal do v12 Recife.","Nao usar como escore, threshold ou variavel derivada do rotulo. Ausencia de registro NAO foi usada como criterio -- presenca de outro fenomeno real."
Curitiba,0,CUR_SIAC156_NEG_a28cd22edcb27fb9,-25.438158,-49.2772774,08/12/2024,2024,Trânsito,Fiscalização de estacionamento irregular,Doutor Pedrosa,CENTRO,strong,"Rua Doutor Pedrosa, Centro, Curitiba, Paraná, Região Sul, 80420-080, Brasil",125542072,siac156_curitiba_non_hydrological_category_v1,"non-flood (Trânsito/Fiscalização de estacionamento irregular) - causally independent of rain, see negative_categories_curitiba.py",siac156_curitiba_negative_v1,"Ponto negativo administrativo geocodificado, pareado por bairro com positivo real, sem colisao <30m. Mesma regra causal do v12 Recife.","Nao usar como escore, threshold ou variavel derivada do rotulo. Ausencia de registro NAO foi usada como criterio -- presenca de outro fenomeno real."
Curitiba,0,CUR_SIAC156_NEG_7bc57bcd86b01151,-25.4167134,-49.2477855,06/03/2024,2024,Coleta,Resíduos vegetais de jardim,Padre Germano Mayer,HUGO LANGE,medium,"Rua Padre Germano Mayer, 2016 - Hugo Lange, Rua Padre Germano Mayer, Hugo Lange, Curitiba, Paraná, Região Sul, 80040-345, Brasil",13736687326,siac156_curitiba_non_hydrological_category_v1,"non-flood (Coleta/Resíduos vegetais de jardim) - causally independent of rain, see negative_categories_curitiba.py",siac156_curitiba_negative_v1,"Ponto negativo administrativo geocodificado, pareado por bairro com positivo real, sem colisao <30m. Mesma regra causal do v12 Recife.","Nao usar como escore, threshold ou variavel derivada do rotulo. Ausencia de registro NAO foi usada como criterio -- presenca de outro fenomeno real."
Curitiba,0,CUR_SIAC156_NEG_5683662c3692490e,-25.4084816,-49.2687393,21/05/2024,2024,Coleta,Caliças até 5 carrinhos de mão,Rua Vieira dos Santos,CENTRO CIVICO,strong,"Rua Vieira dos Santos, Centro Cívico, Curitiba, Paraná, Região Sul, 80530-910, Brasil",86087483,siac156_curitiba_non_hydrological_category_v1,"non-flood (Coleta/Caliças até 5 carrinhos de mão) - causally independent of rain, see negative_categories_curitiba.py",siac156_curitiba_negative_v1,"Ponto negativo administrativo geocodificado, pareado por bairro com positivo real, sem colisao <30m. Mesma regra causal do v12 Recife.","Nao usar como escore, threshold ou variavel derivada do rotulo. Ausencia de registro NAO foi usada como criterio -- presenca de outro fenomeno real."
Curitiba,0,CUR_SIAC156_NEG_52381122d53011cd,-25.4114166,-49.2610834,27/04/2024,2024,Trânsito,Fiscalização de bloqueio de pista,Rua Moysés Marcondes,JUVEVE,strong,"Rua Moysés Marcondes, Juvevê, Curitiba, Paraná, Região Sul, 80530-290, Brasil",32944156,siac156_curitiba_non_hydrological_category_v1,"non-flood (Trânsito/Fiscalização de bloqueio de pista) - causally independent of rain, see negative_categories_curitiba.py",siac156_curitiba_negative_v1,"Ponto negativo administrativo geocodificado, pareado por bairro com positivo real, sem colisao <30m. Mesma regra causal do v12 Recife.","Nao usar como escore, threshold ou variavel derivada do rotulo. Ausencia de registro NAO foi usada como criterio -- presenca de outro fenomeno real."
Curitiba,0,CUR_SIAC156_NEG_5d1ac59824549c46,-25.4727523,-49.2421951,04/01/2024,2024,Coleta,Resíduos vegetais de jardim,RUA DOUTOR DJALMA FERREIRA LOPES,GUABIROTUBA,strong,"Rua Doutor Djalma Ferreira Lopes, Guabirotuba, Curitiba, Paraná, Região Sul, 81510-001, Brasil",125387401,siac156_curitiba_non_hydrological_category_v1,"non-flood (Coleta/Resíduos vegetais de jardim) - causally independent of rain, see negative_categories_curitiba.py",siac156_curitiba_negative_v1,"Ponto negativo administrativo geocodificado, pareado por bairro com positivo real, sem colisao <30m. Mesma regra causal do v12 Recife.","Nao usar como escore, threshold ou variavel derivada do rotulo. Ausencia de registro NAO foi usada como criterio -- presenca de outro fenomeno real."
Curitiba,0,CUR_SIAC156_NEG_85211affa53c8e59,-25.4106311,-49.3103833,09/02/2024,2024,Coleta,Caliças até 5 carrinhos de mão,Rua Genoveva Simões Falcão,CASCATINHA,strong,"Rua Genoveva Simões Falcão, Cascatinha, Curitiba, Paraná, Região Sul, 82020-250, Brasil",158626631,siac156_curitiba_non_hydrological_category_v1,"non-flood (Coleta/Caliças até 5 carrinhos de mão) - causally independent of rain, see negative_categories_curitiba.py",siac156_curitiba_negative_v1,"Ponto negativo administrativo geocodificado, pareado por bairro com positivo real, sem colisao <30m. Mesma regra causal do v12 Recife.","Nao usar como escore, threshold ou variavel derivada do rotulo. Ausencia de registro NAO foi usada como criterio -- presenca de outro fenomeno real."
Curitiba,0,CUR_SIAC156_NEG_32682c44e6e7d065,-25.4432019,-49.3504576,13/09/2024,2024,Trânsito,Fiscalização de estacionamento irregular,Rua Monsenhor Ivo Zanlorenzi,CAMPO COMPRIDO,strong,"Rua Monsenhor Ivo Zanlorenzi, Campo Comprido, Curitiba, Paraná, Região Sul, 81280-430, Brasil",776929902,siac156_curitiba_non_hydrological_category_v1,"non-flood (Trânsito/Fiscalização de estacionamento irregular) - causally independent of rain, see negative_categories_curitiba.py",siac156_curitiba_negative_v1,"Ponto negativo administrativo geocodificado, pareado por bairro com positivo real, sem colisao <30m. Mesma regra causal do v12 Recife.","Nao usar como escore, threshold ou variavel derivada do rotulo. Ausencia de registro NAO foi usada como criterio -- presenca de outro fenomeno real."
Curitiba,0,CUR_SIAC156_NEG_b45954633379eeaf,-25.3976752,-49.3271931,17/04/2024,2024,Árvore,Poda de manutenção em árvores,Egídio Antônio Zamilian,SANTA FELICIDADE,strong,"Rua Egídio Antônio Zamilian, Santa Felicidade, Curitiba, Paraná, Região Sul, 82020-470, Brasil",158126152,siac156_curitiba_non_hydrological_category_v1,"non-flood (Árvore/Poda de manutenção em árvores) - causally independent of rain, see negative_categories_curitiba.py",siac156_curitiba_negative_v1,"Ponto negativo administrativo geocodificado, pareado por bairro com positivo real, sem colisao <30m. Mesma regra causal do v12 Recife.","Nao usar como escore, threshold ou variavel derivada do rotulo. Ausencia de registro NAO foi usada como criterio -- presenca de outro fenomeno real."
Curitiba,0,CUR_SIAC156_NEG_9d32d640ce922416,-25.4125261,-49.2617747,18/04/2024,2024,Coleta,Resíduos vegetais de jardim,RUA ROCHA POMBO,JUVEVE,strong,"Rua Rocha Pombo, Juvevê, Curitiba, Paraná, Região Sul, 80530-290, Brasil",32944157,siac156_curitiba_non_hydrological_category_v1,"non-flood (Coleta/Resíduos vegetais de jardim) - causally independent of rain, see negative_categories_curitiba.py",siac156_curitiba_negative_v1,"Ponto negativo administrativo geocodificado, pareado por bairro com positivo real, sem colisao <30m. Mesma regra causal do v12 Recife.","Nao usar como escore, threshold ou variavel derivada do rotulo. Ausencia de registro NAO foi usada como criterio -- presenca de outro fenomeno real."
Curitiba,0,CUR_SIAC156_NEG_3574fadce28fe12f,-25.4005239,-49.27321,13/07/2024,2024,Coleta,Entulhos diversos (pequena quantidade),Flávio de Azevedo Macedo,SAO LOURENCO,strong,"Rua Flávio de Azevedo Macedo, São Lourenço, Curitiba, Paraná, Região Sul, 82120-060, Brasil",32944143,siac156_curitiba_non_hydrological_category_v1,"non-flood (Coleta/Entulhos diversos (pequena quantidade)) - causally independent of rain, see negative_categories_curitiba.py",siac156_curitiba_negative_v1,"Ponto negativo administrativo geocodificado, pareado por bairro com positivo real, sem colisao <30m. Mesma regra causal do v12 Recife.","Nao usar como escore, threshold ou variavel derivada do rotulo. Ausencia de registro NAO foi usada como criterio -- presenca de outro fenomeno real."
Curitiba,0,CUR_SIAC156_NEG_7ba7e86172f1f8a1,-25.4760763,-49.2277065,16/02/2024,2024,Coleta,Resíduos vegetais de jardim,Avenida Senador Salgado Filho,UBERABA,strong,"Avenida Senador Salgado Filho, Uberaba, Curitiba, Paraná, Região Sul, 81570-140, Brasil",90650982,siac156_curitiba_non_hydrological_category_v1,"non-flood (Coleta/Resíduos vegetais de jardim) - causally independent of rain, see negative_categories_curitiba.py",siac156_curitiba_negative_v1,"Ponto negativo administrativo geocodificado, pareado por bairro com positivo real, sem colisao <30m. Mesma regra causal do v12 Recife.","Nao usar como escore, threshold ou variavel derivada do rotulo. Ausencia de registro NAO foi usada como criterio -- presenca de outro fenomeno real."
Curitiba,0,CUR_SIAC156_NEG_7ba7e86172f1f8a1,-25.4760763,-49.2277065,16/02/2024,2024,Coleta,Resíduos vegetais de jardim,Avenida Senador Salgado Filho,UBERABA,strong,"Avenida Senador Salgado Filho, Uberaba, Curitiba, Paraná, Região Sul, 81570-140, Brasil",90650982,siac156_curitiba_non_hydrological_category_v1,"non-flood (Coleta/Resíduos vegetais de jardim) - causally independent of rain, see negative_categories_curitiba.py",siac156_curitiba_negative_v1,"Ponto negativo administrativo geocodificado, pareado por bairro com positivo real, sem colisao <30m. Mesma regra causal do v12 Recife.","Nao usar como escore, threshold ou variavel derivada do rotulo. Ausencia de registro NAO foi usada como criterio -- presenca de outro fenomeno real."
Curitiba,0,CUR_SIAC156_NEG_1eda291d0a84f90e,-25.3897513,-49.2944811,16/02/2024,2024,Trânsito,Fiscalização de estacionamento irregular,Rua Cezario Curial,PILARZINHO,strong,"Rua Cezário Curial, Vila Nori, Pilarzinho, Curitiba, Paraná, Região Sul, 82100-510, Brasil",150296501,siac156_curitiba_non_hydrological_category_v1,"non-flood (Trânsito/Fiscalização de estacionamento irregular) - causally independent of rain, see negative_categories_curitiba.py",siac156_curitiba_negative_v1,"Ponto negativo administrativo geocodificado, pareado por bairro com positivo real, sem colisao <30m. Mesma regra causal do v12 Recife.","Nao usar como escore, threshold ou variavel derivada do rotulo. Ausencia de registro NAO foi usada como criterio -- presenca de outro fenomeno real."
Curitiba,0,CUR_SIAC156_NEG_7606149954c8239d,-25.5115843,-49.2415793,20/02/2024,2024,Coleta,Resíduos vegetais de jardim,Rua Professor Ary Nogueira Dos Santos,BOQUEIRAO,strong,"Rua Professor Ary Nogueira dos Santos, Boqueirão, Curitiba, Paraná, Região Sul, 81750-190, Brasil",85231834,siac156_curitiba_non_hydrological_category_v1,"non-flood (Coleta/Resíduos vegetais de jardim) - causally independent of rain, see negative_categories_curitiba.py",siac156_curitiba_negative_v1,"Ponto negativo administrativo geocodificado, pareado por bairro com positivo real, sem colisao <30m. Mesma regra causal do v12 Recife.","Nao usar como escore, threshold ou variavel derivada do rotulo. Ausencia de registro NAO foi usada como criterio -- presenca de outro fenomeno real."
Curitiba,0,CUR_SIAC156_NEG_e5e5f5090b439d70,-25.3813651,-49.2205639,14/08/2025,2025,Iluminação Pública,Manutenção de Luminárias,Rua Ghaze Saleh,TINGUI,strong,"Rua Ghaze Saleh, Tingui, Curitiba, Paraná, Região Sul, 82620-260, Brasil",160681474,siac156_curitiba_non_hydrological_category_v1,"non-flood (Iluminação Pública/Manutenção de Luminárias) - causally independent of rain, see negative_categories_curitiba.py",siac156_curitiba_negative_v1,"Ponto negativo administrativo geocodificado, pareado por bairro com positivo real, sem colisao <30m. Mesma regra causal do v12 Recife.","Nao usar como escore, threshold ou variavel derivada do rotulo. Ausencia de registro NAO foi usada como criterio -- presenca de outro fenomeno real."
Curitiba,0,CUR_SIAC156_NEG_439267c68a6e3875,-25.4160066,-49.2740116,09/09/2025,2025,Iluminação Pública,Manutenção de Luminárias,Rua Nilo Pecanha,BOM RETIRO,strong,"Rua Nilo Peçanha, Bom Retiro, Curitiba, Paraná, Região Sul, 80520-176, Brasil",263505515,siac156_curitiba_non_hydrological_category_v1,"non-flood (Iluminação Pública/Manutenção de Luminárias) - causally independent of rain, see negative_categories_curitiba.py",siac156_curitiba_negative_v1,"Ponto negativo administrativo geocodificado, pareado por bairro com positivo real, sem colisao <30m. Mesma regra causal do v12 Recife.","Nao usar como escore, threshold ou variavel derivada do rotulo. Ausencia de registro NAO foi usada como criterio -- presenca de outro fenomeno real."
Curitiba,0,CUR_SIAC156_NEG_dec409c126b86ba6,-25.5362728,-49.2377438,03/04/2025,2025,Coleta,Entulhos diversos (pequena quantidade),Rua Nelso José Lauthart,ALTO BOQUEIRAO,strong,"Rua Nelso José Lauthart, Alto Boqueirão, Curitiba, Paraná, Região Sul, 81860-090, Brasil",1493804463,siac156_curitiba_non_hydrological_category_v1,"non-flood (Coleta/Entulhos diversos (pequena quantidade)) - causally independent of rain, see negative_categories_curitiba.py",siac156_curitiba_negative_v1,"Ponto negativo administrativo geocodificado, pareado por bairro com positivo real, sem colisao <30m. Mesma regra causal do v12 Recife.","Nao usar como escore, threshold ou variavel derivada do rotulo. Ausencia de registro NAO foi usada como criterio -- presenca de outro fenomeno real."
Curitiba,0,CUR_SIAC156_NEG_79a29527af78c994,-25.4307431,-49.2937349,09/04/2025,2025,Trânsito,Fiscalização de bloqueio de pista,Rua Padre Anchieta,BIGORRILHO,strong,"Rua Padre Anchieta, Bigorrilho, Curitiba, Paraná, Região Sul, 80410-020, Brasil",229104844,siac156_curitiba_non_hydrological_category_v1,"non-flood (Trânsito/Fiscalização de bloqueio de pista) - causally independent of rain, see negative_categories_curitiba.py",siac156_curitiba_negative_v1,"Ponto negativo administrativo geocodificado, pareado por bairro com positivo real, sem colisao <30m. Mesma regra causal do v12 Recife.","Nao usar como escore, threshold ou variavel derivada do rotulo. Ausencia de registro NAO foi usada como criterio -- presenca de outro fenomeno real."
Curitiba,0,CUR_SIAC156_NEG_79a29527af78c994,-25.4307431,-49.2937349,09/04/2025,2025,Trânsito,Fiscalização de bloqueio de pista,Rua Padre Anchieta,BIGORRILHO,strong,"Rua Padre Anchieta, Bigorrilho, Curitiba, Paraná, Região Sul, 80410-020, Brasil",229104844,siac156_curitiba_non_hydrological_category_v1,"non-flood (Trânsito/Fiscalização de bloqueio de pista) - causally independent of rain, see negative_categories_curitiba.py",siac156_curitiba_negative_v1,"Ponto negativo administrativo geocodificado, pareado por bairro com positivo real, sem colisao <30m. Mesma regra causal do v12 Recife.","Nao usar como escore, threshold ou variavel derivada do rotulo. Ausencia de registro NAO foi usada como criterio -- presenca de outro fenomeno real."
Curitiba,0,CUR_SIAC156_NEG_91262bd8c7f11ba4,-25.5572366,-49.2514076,17/02/2025,2025,Coleta,Entulhos diversos (pequena quantidade),Rua Ary Taborda,GANCHINHO,strong,"Rua Ary Taborda, Moradias Dom Ângelo, Ganchinho, Curitiba, Paraná, Região Sul, 81935-060, Brasil",398001985,siac156_curitiba_non_hydrological_category_v1,"non-flood (Coleta/Entulhos diversos (pequena quantidade)) - causally independent of rain, see negative_categories_curitiba.py",siac156_curitiba_negative_v1,"Ponto negativo administrativo geocodificado, pareado por bairro com positivo real, sem colisao <30m. Mesma regra causal do v12 Recife.","Nao usar como escore, threshold ou variavel derivada do rotulo. Ausencia de registro NAO foi usada como criterio -- presenca de outro fenomeno real."
Curitiba,0,CUR_SIAC156_NEG_e74f99ac85b12a0e,-25.5325528,-49.2427946,03/10/2025,2025,Lombada física,Implantação,RUA LEOCÁDIO ROBISON DE LIMA DAMAZIO,ALTO BOQUEIRAO,strong,"Rua Leocádio Robison de Lima Damázio, Alto Boqueirão, Curitiba, Paraná, Região Sul, 81850-000, Brasil",161220119,siac156_curitiba_non_hydrological_category_v1,"non-flood (Lombada física/Implantação) - causally independent of rain, see negative_categories_curitiba.py",siac156_curitiba_negative_v1,"Ponto negativo administrativo geocodificado, pareado por bairro com positivo real, sem colisao <30m. Mesma regra causal do v12 Recife.","Nao usar como escore, threshold ou variavel derivada do rotulo. Ausencia de registro NAO foi usada como criterio -- presenca de outro fenomeno real."
Curitiba,0,CUR_SIAC156_NEG_3a17f9736f37cac1,-25.4217742,-49.3310864,22/03/2025,2025,Coleta,Resíduos vegetais de jardim,João Batista Dallarmi,SANTO INACIO,strong,"Rua João Batista Dallarmi, Santa Felicidade, Curitiba, Paraná, Região Sul, 82010-550, Brasil",162999245,siac156_curitiba_non_hydrological_category_v1,"non-flood (Coleta/Resíduos vegetais de jardim) - causally independent of rain, see negative_categories_curitiba.py",siac156_curitiba_negative_v1,"Ponto negativo administrativo geocodificado, pareado por bairro com positivo real, sem colisao <30m. Mesma regra causal do v12 Recife.","Nao usar como escore, threshold ou variavel derivada do rotulo. Ausencia de registro NAO foi usada como criterio -- presenca de outro fenomeno real."
Curitiba,0,CUR_SIAC156_NEG_a1e2efe99ad79073,-25.4084816,-49.2687393,23/02/2025,2025,Trânsito,Fiscalização de estacionamento irregular,RUA VIEIRA DOS SANTOS,CENTRO CIVICO,strong,"Rua Vieira dos Santos, Centro Cívico, Curitiba, Paraná, Região Sul, 80530-910, Brasil",86087483,siac156_curitiba_non_hydrological_category_v1,"non-flood (Trânsito/Fiscalização de estacionamento irregular) - causally independent of rain, see negative_categories_curitiba.py",siac156_curitiba_negative_v1,"Ponto negativo administrativo geocodificado, pareado por bairro com positivo real, sem colisao <30m. Mesma regra causal do v12 Recife.","Nao usar como escore, threshold ou variavel derivada do rotulo. Ausencia de registro NAO foi usada como criterio -- presenca de outro fenomeno real."
Curitiba,0,CUR_SIAC156_NEG_92f625473ea97000,-25.504632,-49.2985781,18/12/2025,2025,Coleta,Resíduos vegetais de jardim,RUA TENENTE MIGUEL A R CUBAS,CAPAO RASO,medium,"Capão Raso, Curitiba, Paraná, Região Sul, Brasil",6236786,siac156_curitiba_non_hydrological_category_v1,"non-flood (Coleta/Resíduos vegetais de jardim) - causally independent of rain, see negative_categories_curitiba.py",siac156_curitiba_negative_v1,"Ponto negativo administrativo geocodificado, pareado por bairro com positivo real, sem colisao <30m. Mesma regra causal do v12 Recife.","Nao usar como escore, threshold ou variavel derivada do rotulo. Ausencia de registro NAO foi usada como criterio -- presenca de outro fenomeno real."
Curitiba,0,CUR_SIAC156_NEG_c9705a9439365e4d,-25.4865091,-49.3068053,09/07/2025,2025,Coleta,Resíduos vegetais de jardim,RUA JULIÃO GUIÃO QUEIROLO,NOVO MUNDO,strong,"Rua Julião Guião Queirolo - Russo, Vila Uberlândia, Novo Mundo, Curitiba, Paraná, Região Sul, 81050-424, Brasil",598198591,siac156_curitiba_non_hydrological_category_v1,"non-flood (Coleta/Resíduos vegetais de jardim) - causally independent of rain, see negative_categories_curitiba.py",siac156_curitiba_negative_v1,"Ponto negativo administrativo geocodificado, pareado por bairro com positivo real, sem colisao <30m. Mesma regra causal do v12 Recife.","Nao usar como escore, threshold ou variavel derivada do rotulo. Ausencia de registro NAO foi usada como criterio -- presenca de outro fenomeno real."
Curitiba,0,CUR_SIAC156_NEG_210531c26802ac61,-25.3961337,-49.2596312,18/08/2025,2025,Coleta,Caliças até 5 carrinhos de mão,Rua Manoel Padilha de Lima,AHU,strong,"Rua Manoel Padilha de Lima, Ahú, Curitiba, Paraná, Região Sul, 82200-310, Brasil",150299037,siac156_curitiba_non_hydrological_category_v1,"non-flood (Coleta/Caliças até 5 carrinhos de mão) - causally independent of rain, see negative_categories_curitiba.py",siac156_curitiba_negative_v1,"Ponto negativo administrativo geocodificado, pareado por bairro com positivo real, sem colisao <30m. Mesma regra causal do v12 Recife.","Nao usar como escore, threshold ou variavel derivada do rotulo. Ausencia de registro NAO foi usada como criterio -- presenca de outro fenomeno real."
Curitiba,0,CUR_SIAC156_NEG_376a0907e2f2909a,-25.4964202,-49.2741017,29/01/2025,2025,Lombada física,Implantação,RUA FRANCISCO DEROSSO,XAXIM,strong,"Rua Francisco Derosso, Xaxim, Curitiba, Paraná, Região Sul, 81810-440, Brasil",195718580,siac156_curitiba_non_hydrological_category_v1,"non-flood (Lombada física/Implantação) - causally independent of rain, see negative_categories_curitiba.py",siac156_curitiba_negative_v1,"Ponto negativo administrativo geocodificado, pareado por bairro com positivo real, sem colisao <30m. Mesma regra causal do v12 Recife.","Nao usar como escore, threshold ou variavel derivada do rotulo. Ausencia de registro NAO foi usada como criterio -- presenca de outro fenomeno real."
Curitiba,0,CUR_SIAC156_NEG_5a1f391d0dee0ff1,-25.4324051,-49.2759272,30/01/2025,2025,Trânsito,Fiscalização de estacionamento irregular,Rua Cândido Lopes,CENTRO,strong,"Rua Cândido Lopes, Centro, Curitiba, Paraná, Região Sul, 80410-201, Brasil",291750963,siac156_curitiba_non_hydrological_category_v1,"non-flood (Trânsito/Fiscalização de estacionamento irregular) - causally independent of rain, see negative_categories_curitiba.py",siac156_curitiba_negative_v1,"Ponto negativo administrativo geocodificado, pareado por bairro com positivo real, sem colisao <30m. Mesma regra causal do v12 Recife.","Nao usar como escore, threshold ou variavel derivada do rotulo. Ausencia de registro NAO foi usada como criterio -- presenca de outro fenomeno real."
Curitiba,0,CUR_SIAC156_NEG_e3d97ca3a2896791,-25.5397979,-49.2837532,27/09/2025,2025,Coleta,Resíduos vegetais de jardim,RUA SERTANEJA,SITIO CERCADO,strong,"Rua Sertaneja, Sítio Cercado, Curitiba, Paraná, Região Sul, 81880-320, Brasil",129015272,siac156_curitiba_non_hydrological_category_v1,"non-flood (Coleta/Resíduos vegetais de jardim) - causally independent of rain, see negative_categories_curitiba.py",siac156_curitiba_negative_v1,"Ponto negativo administrativo geocodificado, pareado por bairro com positivo real, sem colisao <30m. Mesma regra causal do v12 Recife.","Nao usar como escore, threshold ou variavel derivada do rotulo. Ausencia de registro NAO foi usada como criterio -- presenca de outro fenomeno real."
Curitiba,0,CUR_SIAC156_NEG_7efb9b003ad67e71,-25.4307616,-49.2829061,03/05/2025,2025,Sinalização horizontal,Repintura,TRAVESSA MONTEIRO LOBATO,CENTRO,strong,"Travessa Monteiro Lobato, Centro, Curitiba, Paraná, Região Sul, 80410-140, Brasil",163508306,siac156_curitiba_non_hydrological_category_v1,"non-flood (Sinalização horizontal/Repintura) - causally independent of rain, see negative_categories_curitiba.py",siac156_curitiba_negative_v1,"Ponto negativo administrativo geocodificado, pareado por bairro com positivo real, sem colisao <30m. Mesma regra causal do v12 Recife.","Nao usar como escore, threshold ou variavel derivada do rotulo. Ausencia de registro NAO foi usada como criterio -- presenca de outro fenomeno real."
Curitiba,0,CUR_SIAC156_NEG_7efb9b003ad67e71,-25.4307616,-49.2829061,03/05/2025,2025,Trânsito,Fiscalização de estacionamento irregular,TRAVESSA MONTEIRO LOBATO,CENTRO,strong,"Travessa Monteiro Lobato, Centro, Curitiba, Paraná, Região Sul, 80410-140, Brasil",163508306,siac156_curitiba_non_hydrological_category_v1,"non-flood (Trânsito/Fiscalização de estacionamento irregular) - causally independent of rain, see negative_categories_curitiba.py",siac156_curitiba_negative_v1,"Ponto negativo administrativo geocodificado, pareado por bairro com positivo real, sem colisao <30m. Mesma regra causal do v12 Recife.","Nao usar como escore, threshold ou variavel derivada do rotulo. Ausencia de registro NAO foi usada como criterio -- presenca de outro fenomeno real."
Curitiba,0,CUR_SIAC156_NEG_19945a67c759ebf6,-25.4347837,-49.3134812,07/04/2025,2025,Coleta,Entulhos diversos (pequena quantidade),Rua Desembargador Augusto Guimarães Cortês,CAMPINA DO SIQUEIRA,strong,"Rua Desembargador Augusto Guimarães Côrtes, Campina do Siqueira, Curitiba, Paraná, Região Sul, 80740-050, Brasil",385090772,siac156_curitiba_non_hydrological_category_v1,"non-flood (Coleta/Entulhos diversos (pequena quantidade)) - causally independent of rain, see negative_categories_curitiba.py",siac156_curitiba_negative_v1,"Ponto negativo administrativo geocodificado, pareado por bairro com positivo real, sem colisao <30m. Mesma regra causal do v12 Recife.","Nao usar como escore, threshold ou variavel derivada do rotulo. Ausencia de registro NAO foi usada como criterio -- presenca de outro fenomeno real."
Curitiba,0,CUR_SIAC156_NEG_19945a67c759ebf6,-25.4347837,-49.3134812,07/04/2025,2025,Árvore,Remoção de tocos / destoca,Rua Desembargador Augusto Guimarães Cortês,CAMPINA DO SIQUEIRA,strong,"Rua Desembargador Augusto Guimarães Côrtes, Campina do Siqueira, Curitiba, Paraná, Região Sul, 80740-050, Brasil",385090772,siac156_curitiba_non_hydrological_category_v1,"non-flood (Árvore/Remoção de tocos / destoca) - causally independent of rain, see negative_categories_curitiba.py",siac156_curitiba_negative_v1,"Ponto negativo administrativo geocodificado, pareado por bairro com positivo real, sem colisao <30m. Mesma regra causal do v12 Recife.","Nao usar como escore, threshold ou variavel derivada do rotulo. Ausencia de registro NAO foi usada como criterio -- presenca de outro fenomeno real."
Curitiba,0,CUR_SIAC156_NEG_f69701f33c0909db,-25.414689,-49.2397256,02/11/2025,2025,Praças,Manutenção,Presidente Eisenhower,JARDIM SOCIAL,medium,"Praça Presidente Eisenhower, 60, Jardim Social, Curitiba, Paraná, Região Sul, Brasil",360741734,siac156_curitiba_non_hydrological_category_v1,"non-flood (Praças/Manutenção) - causally independent of rain, see negative_categories_curitiba.py",siac156_curitiba_negative_v1,"Ponto negativo administrativo geocodificado, pareado por bairro com positivo real, sem colisao <30m. Mesma regra causal do v12 Recife.","Nao usar como escore, threshold ou variavel derivada do rotulo. Ausencia de registro NAO foi usada como criterio -- presenca de outro fenomeno real."
Curitiba,0,CUR_SIAC156_NEG_810c60222a33fe4a,-25.459569,-49.2375535,02/06/2025,2025,Coleta,Resíduos vegetais de jardim,RUA ERNESTO GUARIZA,JARDIM DAS AMERICAS,strong,"Rua Ernesto Guariza, Jardim das Américas, Curitiba, Paraná, Região Sul, 81520-000, Brasil",125381897,siac156_curitiba_non_hydrological_category_v1,"non-flood (Coleta/Resíduos vegetais de jardim) - causally independent of rain, see negative_categories_curitiba.py",siac156_curitiba_negative_v1,"Ponto negativo administrativo geocodificado, pareado por bairro com positivo real, sem colisao <30m. Mesma regra causal do v12 Recife.","Nao usar como escore, threshold ou variavel derivada do rotulo. Ausencia de registro NAO foi usada como criterio -- presenca de outro fenomeno real."
Curitiba,0,CUR_SIAC156_NEG_1c0f32dcc5fceec0,-25.451848,-49.2036852,01/07/2025,2025,Coleta,Caliças até 5 carrinhos de mão,Rua da Trindade,CAJURU,strong,"Rua da Trindade, Cajuru, Curitiba, Paraná, Região Sul, 82930-240, Brasil",33019287,siac156_curitiba_non_hydrological_category_v1,"non-flood (Coleta/Caliças até 5 carrinhos de mão) - causally independent of rain, see negative_categories_curitiba.py",siac156_curitiba_negative_v1,"Ponto negativo administrativo geocodificado, pareado por bairro com positivo real, sem colisao <30m. Mesma regra causal do v12 Recife.","Nao usar como escore, threshold ou variavel derivada do rotulo. Ausencia de registro NAO foi usada como criterio -- presenca de outro fenomeno real."
Curitiba,0,CUR_SIAC156_NEG_18ede692f09c750e,-25.4592361,-49.2160785,29/05/2026,2026,Coleta,Entulhos diversos (pequena quantidade),Rua Luiz França,CAJURU,strong,"Rua Luiz França, Cajuru, Curitiba, Paraná, Região Sul, 82940-280, Brasil",317975012,siac156_curitiba_non_hydrological_category_v1,"non-flood (Coleta/Entulhos diversos (pequena quantidade)) - causally independent of rain, see negative_categories_curitiba.py",siac156_curitiba_negative_v1,"Ponto negativo administrativo geocodificado, pareado por bairro com positivo real, sem colisao <30m. Mesma regra causal do v12 Recife.","Nao usar como escore, threshold ou variavel derivada do rotulo. Ausencia de registro NAO foi usada como criterio -- presenca de outro fenomeno real."
Curitiba,0,CUR_SIAC156_NEG_e7e53fbb520bf818,-25.481599,-49.2053592,21/07/2026,2026,Coleta,Resíduos vegetais de jardim,Rua do Camacuan,UBERABA,strong,"Rua do Camacuam, Uberaba, Curitiba, Paraná, Região Sul, 81590-250, Brasil",33020861,siac156_curitiba_non_hydrological_category_v1,"non-flood (Coleta/Resíduos vegetais de jardim) - causally independent of rain, see negative_categories_curitiba.py",siac156_curitiba_negative_v1,"Ponto negativo administrativo geocodificado, pareado por bairro com positivo real, sem colisao <30m. Mesma regra causal do v12 Recife.","Nao usar como escore, threshold ou variavel derivada do rotulo. Ausencia de registro NAO foi usada como criterio -- presenca de outro fenomeno real."
Curitiba,0,CUR_SIAC156_NEG_da175a46ee7cc882,-25.4361328,-49.2749104,02/06/2026,2026,Trânsito,Fiscalização de estacionamento irregular,Rua Visconde de Nácar,CENTRO,strong,"Rua Visconde de Nacar, Centro, Curitiba, Paraná, Região Sul, 80010-030, Brasil",125542069,siac156_curitiba_non_hydrological_category_v1,"non-flood (Trânsito/Fiscalização de estacionamento irregular) - causally independent of rain, see negative_categories_curitiba.py",siac156_curitiba_negative_v1,"Ponto negativo administrativo geocodificado, pareado por bairro com positivo real, sem colisao <30m. Mesma regra causal do v12 Recife.","Nao usar como escore, threshold ou variavel derivada do rotulo. Ausencia de registro NAO foi usada como criterio -- presenca de outro fenomeno real."
Curitiba,0,CUR_SIAC156_NEG_da175a46ee7cc882,-25.4361328,-49.2749104,02/06/2026,2026,Trânsito,Fiscalização de estacionamento irregular,Rua Visconde de Nácar,CENTRO,strong,"Rua Visconde de Nacar, Centro, Curitiba, Paraná, Região Sul, 80010-030, Brasil",125542069,siac156_curitiba_non_hydrological_category_v1,"non-flood (Trânsito/Fiscalização de estacionamento irregular) - causally independent of rain, see negative_categories_curitiba.py",siac156_curitiba_negative_v1,"Ponto negativo administrativo geocodificado, pareado por bairro com positivo real, sem colisao <30m. Mesma regra causal do v12 Recife.","Nao usar como escore, threshold ou variavel derivada do rotulo. Ausencia de registro NAO foi usada como criterio -- presenca de outro fenomeno real."
Curitiba,0,CUR_SIAC156_NEG_8482de690551b30a,-25.4185963,-49.2846146,02/02/2026,2026,Trânsito,Fiscalização de estacionamento irregular,Rua Solimões,MERCES,strong,"Rua Solimões, Mercês, Curitiba, Paraná, Região Sul, 80510-340, Brasil",32943940,siac156_curitiba_non_hydrological_category_v1,"non-flood (Trânsito/Fiscalização de estacionamento irregular) - causally independent of rain, see negative_categories_curitiba.py",siac156_curitiba_negative_v1,"Ponto negativo administrativo geocodificado, pareado por bairro com positivo real, sem colisao <30m. Mesma regra causal do v12 Recife.","Nao usar como escore, threshold ou variavel derivada do rotulo. Ausencia de registro NAO foi usada como criterio -- presenca de outro fenomeno real."
Curitiba,0,CUR_SIAC156_NEG_0a718d04c0ef9b62,-25.518208,-49.2568672,16/05/2026,2026,Disque Solidariedade,Doações,Rua João Winter,XAXIM,strong,"Rua João Winter, Xaxim, Curitiba, Paraná, Região Sul, 81830-285, Brasil",164769213,siac156_curitiba_non_hydrological_category_v1,"non-flood (Disque Solidariedade/Doações) - causally independent of rain, see negative_categories_curitiba.py",siac156_curitiba_negative_v1,"Ponto negativo administrativo geocodificado, pareado por bairro com positivo real, sem colisao <30m. Mesma regra causal do v12 Recife.","Nao usar como escore, threshold ou variavel derivada do rotulo. Ausencia de registro NAO foi usada como criterio -- presenca de outro fenomeno real."
Curitiba,0,CUR_SIAC156_NEG_5376a4f5d16b6236,-25.4358082,-49.2571375,04/02/2026,2026,Fiscalização de obras,Alvará de construção,Presidente Affonso Camargo,JARDIM BOTANICO,strong,"Avenida Presidente Affonso Camargo, Jardim Botânico, Curitiba, Paraná, Região Sul, 80060-090, Brasil",195556937,siac156_curitiba_non_hydrological_category_v1,"non-flood (Fiscalização de obras/Alvará de construção) - causally independent of rain, see negative_categories_curitiba.py",siac156_curitiba_negative_v1,"Ponto negativo administrativo geocodificado, pareado por bairro com positivo real, sem colisao <30m. Mesma regra causal do v12 Recife.","Nao usar como escore, threshold ou variavel derivada do rotulo. Ausencia de registro NAO foi usada como criterio -- presenca de outro fenomeno real."
Curitiba,0,CUR_SIAC156_NEG_0f74ff427262ef55,-25.4107044,-49.1981321,23/06/2026,2026,Coleta,Resíduos vegetais de jardim,Rua Rio Araguari,BAIRRO ALTO,strong,"Rua Rio Araguari, Bairro Alto, Curitiba, Paraná, Região Sul, 82820-300, Brasil",1084903990,siac156_curitiba_non_hydrological_category_v1,"non-flood (Coleta/Resíduos vegetais de jardim) - causally independent of rain, see negative_categories_curitiba.py",siac156_curitiba_negative_v1,"Ponto negativo administrativo geocodificado, pareado por bairro com positivo real, sem colisao <30m. Mesma regra causal do v12 Recife.","Nao usar como escore, threshold ou variavel derivada do rotulo. Ausencia de registro NAO foi usada como criterio -- presenca de outro fenomeno real."
Curitiba,0,CUR_SIAC156_NEG_44298f2dd8432f3a,-25.4994053,-49.2994625,16/06/2026,2026,Coleta,Entulhos diversos (pequena quantidade),Rua José Clementino Bettega,CAPAO RASO,strong,"Rua José Clementino Bettega, Capão Raso, Curitiba, Paraná, Região Sul, 81130-060, Brasil",48294509,siac156_curitiba_non_hydrological_category_v1,"non-flood (Coleta/Entulhos diversos (pequena quantidade)) - causally independent of rain, see negative_categories_curitiba.py",siac156_curitiba_negative_v1,"Ponto negativo administrativo geocodificado, pareado por bairro com positivo real, sem colisao <30m. Mesma regra causal do v12 Recife.","Nao usar como escore, threshold ou variavel derivada do rotulo. Ausencia de registro NAO foi usada como criterio -- presenca de outro fenomeno real."
Curitiba,0,CUR_SIAC156_NEG_44298f2dd8432f3a,-25.4994053,-49.2994625,16/06/2026,2026,Coleta,Resíduos vegetais de jardim,Rua José Clementino Bettega,CAPAO RASO,strong,"Rua José Clementino Bettega, Capão Raso, Curitiba, Paraná, Região Sul, 81130-060, Brasil",48294509,siac156_curitiba_non_hydrological_category_v1,"non-flood (Coleta/Resíduos vegetais de jardim) - causally independent of rain, see negative_categories_curitiba.py",siac156_curitiba_negative_v1,"Ponto negativo administrativo geocodificado, pareado por bairro com positivo real, sem colisao <30m. Mesma regra causal do v12 Recife.","Nao usar como escore, threshold ou variavel derivada do rotulo. Ausencia de registro NAO foi usada como criterio -- presenca de outro fenomeno real."
Curitiba,0,CUR_SIAC156_NEG_dfcb06973bd50bc8,-25.4312608,-49.2712771,06/02/2026,2026,Trânsito,Fiscalização de estacionamento irregular,EMILIANO PER,CENTRO,medium,"Centro, Curitiba, Paraná, Região Sul, Brasil",5621947,siac156_curitiba_non_hydrological_category_v1,"non-flood (Trânsito/Fiscalização de estacionamento irregular) - causally independent of rain, see negative_categories_curitiba.py",siac156_curitiba_negative_v1,"Ponto negativo administrativo geocodificado, pareado por bairro com positivo real, sem colisao <30m. Mesma regra causal do v12 Recife.","Nao usar como escore, threshold ou variavel derivada do rotulo. Ausencia de registro NAO foi usada como criterio -- presenca de outro fenomeno real."
Curitiba,0,CUR_SIAC156_NEG_35ee21faae414f51,-25.429499,-49.2600392,03/01/2026,2026,Trânsito,Fiscalização de estacionamento irregular,RUA GENERAL CARNEIRO,CENTRO,strong,"Rua General Carneiro, Centro, Curitiba, Paraná, Região Sul, 80060-140, Brasil",265615038,siac156_curitiba_non_hydrological_category_v1,"non-flood (Trânsito/Fiscalização de estacionamento irregular) - causally independent of rain, see negative_categories_curitiba.py",siac156_curitiba_negative_v1,"Ponto negativo administrativo geocodificado, pareado por bairro com positivo real, sem colisao <30m. Mesma regra causal do v12 Recife.","Nao usar como escore, threshold ou variavel derivada do rotulo. Ausencia de registro NAO foi usada como criterio -- presenca de outro fenomeno real."
Curitiba,0,CUR_SIAC156_NEG_35ee21faae414f51,-25.429499,-49.2600392,03/01/2026,2026,Trânsito,Fiscalização de estacionamento irregular,RUA GENERAL CARNEIRO,CENTRO,strong,"Rua General Carneiro, Centro, Curitiba, Paraná, Região Sul, 80060-140, Brasil",265615038,siac156_curitiba_non_hydrological_category_v1,"non-flood (Trânsito/Fiscalização de estacionamento irregular) - causally independent of rain, see negative_categories_curitiba.py",siac156_curitiba_negative_v1,"Ponto negativo administrativo geocodificado, pareado por bairro com positivo real, sem colisao <30m. Mesma regra causal do v12 Recife.","Nao usar como escore, threshold ou variavel derivada do rotulo. Ausencia de registro NAO foi usada como criterio -- presenca de outro fenomeno real."
Curitiba,0,CUR_SIAC156_NEG_35ee21faae414f51,-25.429499,-49.2600392,03/01/2026,2026,Trânsito,Fiscalização de estacionamento irregular,RUA GENERAL CARNEIRO,CENTRO,strong,"Rua General Carneiro, Centro, Curitiba, Paraná, Região Sul, 80060-140, Brasil",265615038,siac156_curitiba_non_hydrological_category_v1,"non-flood (Trânsito/Fiscalização de estacionamento irregular) - causally independent of rain, see negative_categories_curitiba.py",siac156_curitiba_negative_v1,"Ponto negativo administrativo geocodificado, pareado por bairro com positivo real, sem colisao <30m. Mesma regra causal do v12 Recife.","Nao usar como escore, threshold ou variavel derivada do rotulo. Ausencia de registro NAO foi usada como criterio -- presenca de outro fenomeno real."
Curitiba,0,CUR_SIAC156_NEG_ac7a34ddb6af0404,-25.5024313,-49.2622259,28/03/2026,2026,Coleta,Entulhos diversos (pequena quantidade),Rua Gilmar José Carneiro,XAXIM,strong,"Rua Gilmar José Carneiro, Xaxim, Curitiba, Paraná, Região Sul, 81710-000, Brasil",84913664,siac156_curitiba_non_hydrological_category_v1,"non-flood (Coleta/Entulhos diversos (pequena quantidade)) - causally independent of rain, see negative_categories_curitiba.py",siac156_curitiba_negative_v1,"Ponto negativo administrativo geocodificado, pareado por bairro com positivo real, sem colisao <30m. Mesma regra causal do v12 Recife.","Nao usar como escore, threshold ou variavel derivada do rotulo. Ausencia de registro NAO foi usada como criterio -- presenca de outro fenomeno real."
Curitiba,0,CUR_SIAC156_NEG_fea39e20fdd69457,-25.5084314,-49.2578421,08/05/2026,2026,Coleta,Resíduos vegetais de jardim,Rua Inácio Martins,XAXIM,strong,"Rua Inácio Martins, Xaxim, Curitiba, Paraná, Região Sul, 81720-140, Brasil",85034916,siac156_curitiba_non_hydrological_category_v1,"non-flood (Coleta/Resíduos vegetais de jardim) - causally independent of rain, see negative_categories_curitiba.py",siac156_curitiba_negative_v1,"Ponto negativo administrativo geocodificado, pareado por bairro com positivo real, sem colisao <30m. Mesma regra causal do v12 Recife.","Nao usar como escore, threshold ou variavel derivada do rotulo. Ausencia de registro NAO foi usada como criterio -- presenca de outro fenomeno real."
Curitiba,0,CUR_SIAC156_NEG_f55c1dfff6ceeed6,-25.4860385,-49.3068932,01/04/2026,2026,Coleta,Entulhos diversos (pequena quantidade),Rua Visconde do Serro Frio,NOVO MUNDO,strong,"Rua Visconde do Serro Frio, Vila Uberlândia, Novo Mundo, Curitiba, Paraná, Região Sul, 81050-424, Brasil",129142024,siac156_curitiba_non_hydrological_category_v1,"non-flood (Coleta/Entulhos diversos (pequena quantidade)) - causally independent of rain, see negative_categories_curitiba.py",siac156_curitiba_negative_v1,"Ponto negativo administrativo geocodificado, pareado por bairro com positivo real, sem colisao <30m. Mesma regra causal do v12 Recife.","Nao usar como escore, threshold ou variavel derivada do rotulo. Ausencia de registro NAO foi usada como criterio -- presenca de outro fenomeno real."
Curitiba,0,CUR_SIAC156_NEG_4de5a2d4ea5f0d58,-25.5058756,-49.2205477,17/02/2026,2026,Coleta,Caliças até 5 carrinhos de mão,Rua do Tratorista,BOQUEIRAO,strong,"Rua do Tratorista, Boqueirão, Curitiba, Paraná, Região Sul, 81730-150, Brasil",85573727,siac156_curitiba_non_hydrological_category_v1,"non-flood (Coleta/Caliças até 5 carrinhos de mão) - causally independent of rain, see negative_categories_curitiba.py",siac156_curitiba_negative_v1,"Ponto negativo administrativo geocodificado, pareado por bairro com positivo real, sem colisao <30m. Mesma regra causal do v12 Recife.","Nao usar como escore, threshold ou variavel derivada do rotulo. Ausencia de registro NAO foi usada como criterio -- presenca de outro fenomeno real."
Curitiba,0,CUR_SIAC156_NEG_7d713d269007cf0c,-25.4372186,-49.2804412,01/06/2026,2026,Trânsito,Fiscalização de estacionamento irregular,RUA COMENDADOR ARAÚJO,CENTRO,strong,"Rua Comendador Araújo, Centro, Curitiba, Paraná, Região Sul, 80420-000, Brasil",29464177,siac156_curitiba_non_hydrological_category_v1,"non-flood (Trânsito/Fiscalização de estacionamento irregular) - causally independent of rain, see negative_categories_curitiba.py",siac156_curitiba_negative_v1,"Ponto negativo administrativo geocodificado, pareado por bairro com positivo real, sem colisao <30m. Mesma regra causal do v12 Recife.","Nao usar como escore, threshold ou variavel derivada do rotulo. Ausencia de registro NAO foi usada como criterio -- presenca de outro fenomeno real."
Curitiba,0,CUR_SIAC156_NEG_6d6f9b2944afac78,-25.4350019,-49.2848897,02/06/2026,2026,Trânsito,Fiscalização de estacionamento irregular,ALAMEDA DOUTOR CARLOS DE CARVALHO,BATEL,strong,"Alameda Doutor Carlos de Carvalho, Batel, Curitiba, Paraná, Região Sul, 80240-240, Brasil",1544401273,siac156_curitiba_non_hydrological_category_v1,"non-flood (Trânsito/Fiscalização de estacionamento irregular) - causally independent of rain, see negative_categories_curitiba.py",siac156_curitiba_negative_v1,"Ponto negativo administrativo geocodificado, pareado por bairro com positivo real, sem colisao <30m. Mesma regra causal do v12 Recife.","Nao usar como escore, threshold ou variavel derivada do rotulo. Ausencia de registro NAO foi usada como criterio -- presenca de outro fenomeno real."
Curitiba,0,CUR_SIAC156_NEG_c5bd625b747ba761,-25.3851138,-49.3357761,13/03/2026,2026,Coleta,Resíduos vegetais de jardim,Rua Sociólogo Gilberto Freyre,SANTA FELICIDADE,strong,"Rua Sociólogo Gilberto Freyre, Santa Felicidade, Curitiba, Paraná, Região Sul, 82410-220, Brasil",126812410,siac156_curitiba_non_hydrological_category_v1,"non-flood (Coleta/Resíduos vegetais de jardim) - causally independent of rain, see negative_categories_curitiba.py",siac156_curitiba_negative_v1,"Ponto negativo administrativo geocodificado, pareado por bairro com positivo real, sem colisao <30m. Mesma regra causal do v12 Recife.","Nao usar como escore, threshold ou variavel derivada do rotulo. Ausencia de registro NAO foi usada como criterio -- presenca de outro fenomeno real."
Curitiba,0,CUR_SIAC156_NEG_c5bd625b747ba761,-25.3851138,-49.3357761,13/03/2026,2026,Árvore,Remoção de tocos / destoca,Rua Sociólogo Gilberto Freyre,SANTA FELICIDADE,strong,"Rua Sociólogo Gilberto Freyre, Santa Felicidade, Curitiba, Paraná, Região Sul, 82410-220, Brasil",126812410,siac156_curitiba_non_hydrological_category_v1,"non-flood (Árvore/Remoção de tocos / destoca) - causally independent of rain, see negative_categories_curitiba.py",siac156_curitiba_negative_v1,"Ponto negativo administrativo geocodificado, pareado por bairro com positivo real, sem colisao <30m. Mesma regra causal do v12 Recife.","Nao usar como escore, threshold ou variavel derivada do rotulo. Ausencia de registro NAO foi usada como criterio -- presenca de outro fenomeno real."
Curitiba,0,CUR_SIAC156_NEG_b1bd4ca15c0a05d6,-25.5012171,-49.287831,06/04/2026,2026,Coleta,Resíduos vegetais de jardim,RUA ISMÊNIA VIEIRA DE ALENCAR,CAPAO RASO,strong,"Rua Ismênia Vieira de Alencar, Capão Raso, Curitiba, Paraná, Região Sul, 81110-260, Brasil",24576818,siac156_curitiba_non_hydrological_category_v1,"non-flood (Coleta/Resíduos vegetais de jardim) - causally independent of rain, see negative_categories_curitiba.py",siac156_curitiba_negative_v1,"Ponto negativo administrativo geocodificado, pareado por bairro com positivo real, sem colisao <30m. Mesma regra causal do v12 Recife.","Nao usar como escore, threshold ou variavel derivada do rotulo. Ausencia de registro NAO foi usada como criterio -- presenca de outro fenomeno real."
Curitiba,0,CUR_SIAC156_NEG_8b2689565cc65556,-25.5112446,-49.3225252,22/04/2026,2026,Árvore,Poda de manutenção em árvores,RUA ELVIRA DOS SANTOS GOULART,CIDADE INDUSTRIAL,strong,"Rua Elvira dos Santos Goulart, Cidade Industrial de Curitiba, Curitiba, Paraná, Região Sul, 81305-185, Brasil",1349608421,siac156_curitiba_non_hydrological_category_v1,"non-flood (Árvore/Poda de manutenção em árvores) - causally independent of rain, see negative_categories_curitiba.py",siac156_curitiba_negative_v1,"Ponto negativo administrativo geocodificado, pareado por bairro com positivo real, sem colisao <30m. Mesma regra causal do v12 Recife.","Nao usar como escore, threshold ou variavel derivada do rotulo. Ausencia de registro NAO foi usada como criterio -- presenca de outro fenomeno real."
Curitiba,0,CUR_SIAC156_NEG_1faf42d8c763805e,-25.4600245,-49.3134642,18/01/2026,2026,Coleta,Resíduos vegetais de jardim,Rua Major França Gomes,SANTA QUITERIA,strong,"Rua Major França Gomes, Santa Quitéria, Curitiba, Paraná, Região Sul, 80310-410, Brasil",99496954,siac156_curitiba_non_hydrological_category_v1,"non-flood (Coleta/Resíduos vegetais de jardim) - causally independent of rain, see negative_categories_curitiba.py",siac156_curitiba_negative_v1,"Ponto negativo administrativo geocodificado, pareado por bairro com positivo real, sem colisao <30m. Mesma regra causal do v12 Recife.","Nao usar como escore, threshold ou variavel derivada do rotulo. Ausencia de registro NAO foi usada como criterio -- presenca de outro fenomeno real."
Curitiba,0,CUR_SIAC156_NEG_12d28c922e4fbea9,-25.4671869,-49.1940255,23/04/2026,2026,Coleta,Caliças até 5 carrinhos de mão,Rua Manoel Felipe Rodrigues Moraes,CAJURU,strong,"Rua Manoel Felipe Rodrigues Moraes, Cajuru, Curitiba, Paraná, Região Sul, 82980-100, Brasil",163153921,siac156_curitiba_non_hydrological_category_v1,"non-flood (Coleta/Caliças até 5 carrinhos de mão) - causally independent of rain, see negative_categories_curitiba.py",siac156_curitiba_negative_v1,"Ponto negativo administrativo geocodificado, pareado por bairro com positivo real, sem colisao <30m. Mesma regra causal do v12 Recife.","Nao usar como escore, threshold ou variavel derivada do rotulo. Ausencia de registro NAO foi usada como criterio -- presenca de outro fenomeno real."
Curitiba,0,CUR_SIAC156_NEG_c9fb77ecb3fcd072,-25.4592361,-49.2160785,30/06/2026,2026,Árvore,Poda de manutenção em árvores,Rua Luiz França,CAJURU,strong,"Rua Luiz França, Cajuru, Curitiba, Paraná, Região Sul, 82940-280, Brasil",317975012,siac156_curitiba_non_hydrological_category_v1,"non-flood (Árvore/Poda de manutenção em árvores) - causally independent of rain, see negative_categories_curitiba.py",siac156_curitiba_negative_v1,"Ponto negativo administrativo geocodificado, pareado por bairro com positivo real, sem colisao <30m. Mesma regra causal do v12 Recife.","Nao usar como escore, threshold ou variavel derivada do rotulo. Ausencia de registro NAO foi usada como criterio -- presenca de outro fenomeno real."
Curitiba,0,CUR_SIAC156_NEG_c9fb77ecb3fcd072,-25.4592361,-49.2160785,30/06/2026,2026,Coleta,Caliças até 5 carrinhos de mão,Rua Luiz França,CAJURU,strong,"Rua Luiz França, Cajuru, Curitiba, Paraná, Região Sul, 82940-280, Brasil",317975012,siac156_curitiba_non_hydrological_category_v1,"non-flood (Coleta/Caliças até 5 carrinhos de mão) - causally independent of rain, see negative_categories_curitiba.py",siac156_curitiba_negative_v1,"Ponto negativo administrativo geocodificado, pareado por bairro com positivo real, sem colisao <30m. Mesma regra causal do v12 Recife.","Nao usar como escore, threshold ou variavel derivada do rotulo. Ausencia de registro NAO foi usada como criterio -- presenca de outro fenomeno real."
Curitiba,0,CUR_SIAC156_NEG_c9fb77ecb3fcd072,-25.4592361,-49.2160785,30/06/2026,2026,Coleta,Caliças até 5 carrinhos de mão,Rua Luiz França,CAJURU,strong,"Rua Luiz França, Cajuru, Curitiba, Paraná, Região Sul, 82940-280, Brasil",317975012,siac156_curitiba_non_hydrological_category_v1,"non-flood (Coleta/Caliças até 5 carrinhos de mão) - causally independent of rain, see negative_categories_curitiba.py",siac156_curitiba_negative_v1,"Ponto negativo administrativo geocodificado, pareado por bairro com positivo real, sem colisao <30m. Mesma regra causal do v12 Recife.","Nao usar como escore, threshold ou variavel derivada do rotulo. Ausencia de registro NAO foi usada como criterio -- presenca de outro fenomeno real."
Curitiba,0,CUR_SIAC156_NEG_234c4ffab29880dd,-25.3705564,-49.2508417,13/03/2026,2026,Coleta,Caliças até 5 carrinhos de mão,Rua Adão Casemiro Troczinski,BARREIRINHA,strong,"Rua Adão Casemiro Troczinski, Barreirinha, Curitiba, Paraná, Região Sul, 82650-430, Brasil",162219664,siac156_curitiba_non_hydrological_category_v1,"non-flood (Coleta/Caliças até 5 carrinhos de mão) - causally independent of rain, see negative_categories_curitiba.py",siac156_curitiba_negative_v1,"Ponto negativo administrativo geocodificado, pareado por bairro com positivo real, sem colisao <30m. Mesma regra causal do v12 Recife.","Nao usar como escore, threshold ou variavel derivada do rotulo. Ausencia de registro NAO foi usada como criterio -- presenca de outro fenomeno real."
Curitiba,0,CUR_SIAC156_NEG_d15106b2ffc8c669,-25.3900738,-49.286427,19/02/2026,2026,Coleta,Entulhos diversos (pequena quantidade),David Hume,PILARZINHO,strong,"Rua David Hume, Pilarzinho, Curitiba, Paraná, Região Sul, 82110-350, Brasil",150298835,siac156_curitiba_non_hydrological_category_v1,"non-flood (Coleta/Entulhos diversos (pequena quantidade)) - causally independent of rain, see negative_categories_curitiba.py",siac156_curitiba_negative_v1,"Ponto negativo administrativo geocodificado, pareado por bairro com positivo real, sem colisao <30m. Mesma regra causal do v12 Recife.","Nao usar como escore, threshold ou variavel derivada do rotulo. Ausencia de registro NAO foi usada como criterio -- presenca de outro fenomeno real."
Curitiba,0,CUR_SIAC156_NEG_13b640702be5173f,-25.5006371,-49.2166373,05/01/2026,2026,Coleta,Caliças até 5 carrinhos de mão,RUA ADELAIDE MATTANA VILLA,UBERABA,strong,"Rua Adelaide Mattana Villa, Uberaba, Curitiba, Paraná, Região Sul, 81580-420, Brasil",125391136,siac156_curitiba_non_hydrological_category_v1,"non-flood (Coleta/Caliças até 5 carrinhos de mão) - causally independent of rain, see negative_categories_curitiba.py",siac156_curitiba_negative_v1,"Ponto negativo administrativo geocodificado, pareado por bairro com positivo real, sem colisao <30m. Mesma regra causal do v12 Recife.","Nao usar como escore, threshold ou variavel derivada do rotulo. Ausencia de registro NAO foi usada como criterio -- presenca de outro fenomeno real."
Curitiba,0,CUR_SIAC156_NEG_609e69adf3b2bca5,-25.4496739,-49.2076525,06/07/2026,2026,Coleta,Resíduos vegetais de jardim,Rua Pedro Bellon,CAJURU,strong,"Rua Pedro Bellon, Cajuru, Curitiba, Paraná, Região Sul, 82930-000, Brasil",390291891,siac156_curitiba_non_hydrological_category_v1,"non-flood (Coleta/Resíduos vegetais de jardim) - causally independent of rain, see negative_categories_curitiba.py",siac156_curitiba_negative_v1,"Ponto negativo administrativo geocodificado, pareado por bairro com positivo real, sem colisao <30m. Mesma regra causal do v12 Recife.","Nao usar como escore, threshold ou variavel derivada do rotulo. Ausencia de registro NAO foi usada como criterio -- presenca de outro fenomeno real."
