estrato,conjunto,variante,corte,janela_grupos,n_treino,n_teste,grupos_treino,grupos_teste,eventos_treino,eventos_teste,pos_treino,neg_treino,pos_teste,neg_teste,prevalencia_treino,prevalencia_teste,epv_treino,epv_eventos_treino,auc_prospectivo,ic95,boot_validos,auc_treino,lacuna,coef,blocos_negativos_teste
uk,TERRENO,heranca,2002-11-08,40,4647,500,240,40,49,35,971,3676,452,48,0.209,0.904,60.0,12.2,0.7743,"[0.5861, 0.8996]",996,0.7983,0.024,"{""elevation_m"": -0.5459, ""slope_deg"": 0.6455, ""hand_m"": -3.0876, ""twi_dinf"": 0.3734}",
uk,TERRENO,heranca,2011-06-15,40,5147,922,280,40,84,36,1423,3724,908,14,0.276,0.985,70.0,21.0,0.8206,"[0.528, 0.9835]",985,0.8004,-0.0202,"{""elevation_m"": -0.4572, ""slope_deg"": 0.5773, ""hand_m"": -3.3626, ""twi_dinf"": 0.3629}",
uk,TERRENO,bloco,2002-06-13,20,4269,585,224,36,40,20,832,3437,284,301,0.195,0.485,56.0,10.0,0.8403,"[0.7616, 0.9096]",1000,0.7913,-0.049,"{""elevation_m"": -0.6538, ""slope_deg"": 0.629, ""hand_m"": -2.8003, ""twi_dinf"": 0.3545}",16.0
uk,TERRENO,bloco,2004-08-20,20,4582,506,247,33,60,20,1116,3466,234,272,0.244,0.462,61.8,15.0,0.7928,"[0.6616, 0.8853]",1000,0.794,0.0012,"{""elevation_m"": -0.519, ""slope_deg"": 0.6125, ""hand_m"": -3.2619, ""twi_dinf"": 0.334}",13.0
uk,TERRENO,bloco,2010-07-14,20,4714,742,261,39,80,20,1350,3364,368,374,0.286,0.496,65.2,20.0,0.7992,"[0.6821, 0.8966]",1000,0.7956,-0.0036,"{""elevation_m"": -0.3647, ""slope_deg"": 0.547, ""hand_m"": -3.3552, ""twi_dinf"": 0.3493}",19.0
uk,TERRENO,bloco,2016-06-11,20,4838,1231,268,52,100,20,1718,3120,613,618,0.355,0.498,67.0,25.0,0.771,"[0.7121, 0.8234]",1000,0.7904,0.0194,"{""elevation_m"": -0.467, ""slope_deg"": 0.741, ""hand_m"": -2.1967, ""twi_dinf"": 0.5486}",32.0
uk,TERRENO,bloco,2020-02-09,20,5625,869,297,43,120,20,2331,3294,425,444,0.414,0.489,74.2,30.0,0.7309,"[0.632, 0.8258]",1000,0.7946,0.0637,"{""elevation_m"": -0.3838, ""slope_deg"": 0.7834, ""hand_m"": -2.2679, ""twi_dinf"": 0.6057}",23.0
uk,TERRENO,bloco,2023-10-20,20,6235,515,328,32,140,20,2756,3479,256,259,0.442,0.497,82.0,35.0,0.7779,"[0.6646, 0.8786]",1000,0.7867,0.0088,"{""elevation_m"": -0.3874, ""slope_deg"": 0.7784, ""hand_m"": -2.0337, ""twi_dinf"": 0.6258}",12.0
uk,TERRENO,bloco,2025-01-01,20,6426,645,340,40,160,20,3012,3414,321,324,0.469,0.498,85.0,40.0,0.8253,"[0.7762, 0.8788]",1000,0.7915,-0.0338,"{""elevation_m"": -0.3751, ""slope_deg"": 0.7508, ""hand_m"": -2.0923, ""twi_dinf"": 0.6314}",20.0
uk,TERRENO,bloco,2025-01-01,20,6671,799,358,42,180,20,3333,3338,399,400,0.5,0.499,89.5,45.0,0.8559,"[0.8104, 0.8992]",1000,0.7906,-0.0653,"{""elevation_m"": -0.3825, ""slope_deg"": 0.7585, ""hand_m"": -2.0326, ""twi_dinf"": 0.648}",22.0
uk,COMPLETO,heranca,2007-12-06,40,4927,529,260,40,67,33,1229,3698,489,40,0.249,0.924,43.3,11.2,0.8058,"[0.6733, 0.915]",1000,0.8178,0.012,"{""elevation_m"": -0.5533, ""slope_deg"": 0.5989, ""hand_m"": -3.3033, ""twi_dinf"": 0.3629, ""rain_max_24h"": -0.0871, ""rain_decay_index"": 0.4959}",
uk,COMPLETO,bloco,2004-08-20,20,4618,470,247,33,60,20,1116,3502,234,236,0.242,0.498,41.2,10.0,0.9148,"[0.8642, 0.9523]",1000,0.8082,-0.1066,"{""elevation_m"": -0.5229, ""slope_deg"": 0.6176, ""hand_m"": -3.1921, ""twi_dinf"": 0.3443, ""rain_max_24h"": -0.0356, ""rain_decay_index"": 0.3729}",13.0
uk,COMPLETO,bloco,2010-07-14,20,4719,737,261,39,80,20,1350,3369,368,369,0.286,0.499,43.5,13.3,0.8224,"[0.7062, 0.9062]",1000,0.8223,-0.0001,"{""elevation_m"": -0.5381, ""slope_deg"": 0.6217, ""hand_m"": -3.2383, ""twi_dinf"": 0.3865, ""rain_max_24h"": -0.1427, ""rain_decay_index"": 0.6151}",19.0
uk,COMPLETO,bloco,2016-06-11,20,4834,1235,267,53,100,20,1718,3116,613,622,0.355,0.496,44.5,16.7,0.7632,"[0.6876, 0.8423]",1000,0.8121,0.0489,"{""elevation_m"": -0.5229, ""slope_deg"": 0.7943, ""hand_m"": -2.1092, ""twi_dinf"": 0.5834, ""rain_max_24h"": -0.0632, ""rain_decay_index"": 0.601}",33.0
uk,COMPLETO,bloco,2020-02-09,20,5644,850,298,42,120,20,2331,3313,425,425,0.413,0.5,49.7,20.0,0.7452,"[0.6309, 0.8532]",1000,0.8112,0.066,"{""elevation_m"": -0.4599, ""slope_deg"": 0.7886, ""hand_m"": -2.3218, ""twi_dinf"": 0.6137, ""rain_max_24h"": -0.0255, ""rain_decay_index"": 0.3959}",22.0
uk,COMPLETO,bloco,2023-10-20,20,6238,512,329,31,140,20,2756,3482,256,256,0.442,0.5,54.8,23.3,0.7076,"[0.5908, 0.8036]",1000,0.8053,0.0977,"{""elevation_m"": -0.4494, ""slope_deg"": 0.7859, ""hand_m"": -2.0336, ""twi_dinf"": 0.6508, ""rain_max_24h"": 0.0156, ""rain_decay_index"": 0.4163}",11.0
uk,COMPLETO,bloco,2025-01-01,20,6390,681,343,37,160,20,3012,3378,321,360,0.471,0.471,57.2,26.7,0.7733,"[0.6957, 0.8493]",1000,0.8042,0.0309,"{""elevation_m"": -0.427, ""slope_deg"": 0.8125, ""hand_m"": -2.1072, ""twi_dinf"": 0.6633, ""rain_max_24h"": 0.039, ""rain_decay_index"": 0.3476}",17.0
uk,COMPLETO,bloco,2025-01-01,20,6665,805,357,43,180,20,3333,3332,399,406,0.5,0.496,59.5,30.0,0.7853,"[0.7115, 0.8466]",1000,0.8058,0.0205,"{""elevation_m"": -0.505, ""slope_deg"": 0.7692, ""hand_m"": -2.1033, ""twi_dinf"": 0.6679, ""rain_max_24h"": 0.0941, ""rain_decay_index"": 0.2401}",23.0
cems,TERRENO,heranca,2025-10-26,11,9912,1737,51,11,40,4,4271,5641,462,1275,0.431,0.266,12.8,10.0,0.8053,"[0.6959, 0.9058]",994,0.7259,-0.0794,"{""elevation_m"": 0.4735, ""slope_deg"": -0.636, ""hand_m"": -0.5749, ""twi_dinf"": 0.342}",
cems,TERRENO,heranca,2025-10-26,11,11649,2275,62,11,44,9,4733,6916,1014,1261,0.406,0.446,15.5,11.0,0.7648,"[0.7117, 0.8233]",1000,0.736,-0.0288,"{""elevation_m"": 0.5062, ""slope_deg"": -0.679, ""hand_m"": -0.5701, ""twi_dinf"": 0.3719}",
cems,TERRENO,heranca,2025-10-26,11,13924,2077,73,11,53,8,5747,8177,914,1163,0.413,0.44,18.2,13.2,0.6634,"[0.5835, 0.7465]",1000,0.7404,0.077,"{""elevation_m"": 0.4903, ""slope_deg"": -0.712, ""hand_m"": -0.5522, ""twi_dinf"": 0.3842}",
cems,TERRENO,heranca,2025-11-30,11,16001,2341,84,11,61,10,6661,9340,1138,1203,0.416,0.486,21.0,15.2,0.7605,"[0.7098, 0.8143]",1000,0.7326,-0.0279,"{""elevation_m"": 0.4823, ""slope_deg"": -0.7029, ""hand_m"": -0.5688, ""twi_dinf"": 0.3653}",
cems,TERRENO,heranca,2026-01-10,11,18342,2620,95,11,71,11,7799,10543,1306,1314,0.425,0.498,23.8,17.8,0.6458,"[0.5964, 0.6941]",1000,0.74,0.0942,"{""elevation_m"": 0.527, ""slope_deg"": -0.5908, ""hand_m"": -0.7369, ""twi_dinf"": 0.3917}",
cems,TERRENO,heranca,2026-01-10,11,20962,2473,106,11,82,10,9105,11857,1178,1295,0.434,0.476,26.5,20.5,0.6978,"[0.6686, 0.7387]",1000,0.7307,0.0329,"{""elevation_m"": 0.4698, ""slope_deg"": -0.4943, ""hand_m"": -0.7669, ""twi_dinf"": 0.3949}",
cems,COMPLETO,heranca,2025-11-30,11,17943,2555,93,11,69,11,7559,10384,1318,1237,0.421,0.516,15.5,11.5,0.6809,"[0.6036, 0.7533]",1000,0.7349,0.054,"{""elevation_m"": 0.456, ""slope_deg"": -0.5862, ""hand_m"": -0.6723, ""twi_dinf"": 0.3969, ""rain_max_24h"": -0.2111, ""rain_decay_index"": 0.2766}",
cems,COMPLETO,heranca,2026-01-10,11,20498,2457,104,11,80,10,8877,11621,1166,1291,0.433,0.475,17.3,13.3,0.692,"[0.6675, 0.728]",1000,0.7318,0.0398,"{""elevation_m"": 0.455, ""slope_deg"": -0.5137, ""hand_m"": -0.7557, ""twi_dinf"": 0.3921, ""rain_max_24h"": -0.1725, ""rain_decay_index"": 0.2143}",
