window_id,region,event_date,cobrade,cobrade_label,s2id_protocol,s2id_status,s2id_mortos,s2id_desabrigados,s2id_desalojados,s2id_outros_afetados,localities_reported,hydrographic_evidence,news_source,evidence_tier,rank,phenomenon_inferred,adjudicated,notes
CUR_2025_02_03,Curitiba,2025-02-03,12300,Alagamentos,PR-F-4106902-12300-20250203,Registro,0,0,0,4040,Boqueirao; Xaxim; Pinheirinho; Parolin; Portao; Vila Izabel; Seminario,Ribeirao dos Padilhas transbordou no Xaxim (resgate de 7 adultos e 35 criancas em creche); Arroio Boa Vista; Corrego Henry Ford (Pinheirinho/Portao),Banda B 03/02/2025 (verificado por leitura direta da materia),FORTE,1,FLOOD_EXPLICIT,false,"23,4 mm entre 14h e 16h (Simepar); Defesa Civil sem desabrigados/desalojados"
CUR_2025_02_18,Curitiba,2025-02-18,12300,Alagamentos,PR-F-4106902-12300-20250218,Registro,0,0,0,2200,Centro (Rua Visconde de Nacar x Rua Saldanha Marinho); escolas alagadas,"Corrego Bigorrilho subiu 2,29 m e transbordou",massa.com.br; Banda B 18-19/02/2025,FORTE,2,FLOOD_EXPLICIT,false,"22,8 mm em 15 min; 34,6 mm acumulados (Simepar)"
CUR_2026_02_03,Curitiba,2026-02-03,12300,Alagamentos,PR-F-4106902-12300-20260203,Registro,0,0,0,1500,Centro (Av. Vicente Machado); Bairro Novo; Pilarzinho; Vista Alegre; Reboucas; Uberaba; Linha Verde,~40 pontos de alagamento em ao menos 10 bairros,Banda B; CBN Curitiba 03-04/02/2026,FORTE,3,FLOOD_EXPLICIT,false,"38,4 mm, sendo 26,6 mm em 15 min (estacao Jardim das Americas); 115 familias atendidas pela assistencia social"
CUR_2025_01_28,Curitiba,2025-01-28,12300,Alagamentos,PR-F-4106902-12300-20250128,Registro,0,0,12,1988,Centro Civico; Visconde de Nacar; Bairro Alto (Linha Verde); Merces (Visconde do Rio Branco),"Rio Ivo, canalizado, transbordou",BandNews FM Curitiba; Tribuna do Parana 28/01/2025,FORTE,4,FLOOD_EXPLICIT,false,"63,6 mm acumulados ate 17h30 (Defesa Civil municipal)"
CUR_2023_10_29,Curitiba,2023-10-29,12300,Alagamentos,PR-F-4106902-12300-20231029,Registro,0,0,152,0,"Caximba (extremo sul); monitoramento em Santa Felicidade, Pinheirinho, Butiatuvinha, Vila Izabel",risco de alagamento no Caximba,Banda B 29-30/10/2023,FORTE,5,FLOOD_EXPLICIT,false,94 mm em 24h; DIVERGENCIA: S2ID informa 152 desalojados e a materia da epoca afirma nenhum - conferir antes de usar
CUR_2025_02_27,Curitiba,2025-02-27,12300,Alagamentos,PR-F-4106902-12300-20250227,Registro,0,0,0,2000,,,nenhuma materia datada localizada,MEDIO,6,FLOOD_BY_COBRADE,false,
CUR_2026_01_14,Curitiba,2026-01-14,12300,Alagamentos,PR-F-4106902-12300-20260114,Registro,0,0,0,264,,,nenhuma materia datada localizada,MEDIO,7,FLOOD_BY_COBRADE,false,
CUR_2025_12_14,Curitiba,2025-12-14,12300,Alagamentos,PR-F-4106902-12300-20251214,Registro,0,0,0,240,,,nenhuma materia datada localizada,MEDIO,8,FLOOD_BY_COBRADE,false,
CUR_2023_10_12,Curitiba,2023-10-12,13214,Tempestade Local/Convectiva - Chuvas Intensas,PR-F-4106902-13214-20231012,Registro,0,19,0,1200,,,nenhuma materia datada localizada,MEDIO,9,TRIGGER_ONLY_NEEDS_TEXT_CHECK,false,
CUR_2025_03_11,Curitiba,2025-03-11,12300,Alagamentos,PR-F-4106902-12300-20250311,Registro,0,0,4,56,,,nenhuma materia datada localizada,MEDIO,10,FLOOD_BY_COBRADE,false,
CUR_2023_11_14,Curitiba,2023-11-14,22410,Transporte de produtos perigosos rodoviário,PR-F-4106902-22410-20231114,Registro,0,0,0,0,,,nenhuma materia datada localizada,EXCLUIDO,,OUT_OF_SCOPE,false,
CUR_2023_11_22,Curitiba,2023-11-22,12300,Alagamentos,PR-F-4106902-12300-20231122,Registro,0,0,0,0,,,nenhuma materia datada localizada,FRACO,,FLOOD_BY_COBRADE,false,
CUR_2023_12_04,Curitiba,2023-12-04,23120,Incêndios em aglomerados residenciais,PR-F-4106902-23120-20231204,Registro,0,0,35,0,,,nenhuma materia datada localizada,EXCLUIDO,,OUT_OF_SCOPE,false,
CUR_2023_12_29,Curitiba,2023-12-29,23120,Incêndios em aglomerados residenciais,PR-F-4106902-23120-20231229,Registro,0,0,6,6,,,nenhuma materia datada localizada,EXCLUIDO,,OUT_OF_SCOPE,false,
CUR_2023_12_30,Curitiba,2023-12-30,23120,Incêndios em aglomerados residenciais,PR-F-4106902-23120-20231230,Registro,0,0,32,0,,,nenhuma materia datada localizada,EXCLUIDO,,OUT_OF_SCOPE,false,
CUR_2024_04_21,Curitiba,2024-04-21,23120,Incêndios em aglomerados residenciais,PR-F-4106902-23120-20240421,Registro,0,0,24,0,,,nenhuma materia datada localizada,EXCLUIDO,,OUT_OF_SCOPE,false,
CUR_2024_08_16,Curitiba,2024-08-16,23120,Incêndios em aglomerados residenciais,PR-F-4106902-23120-20240816,Registro,0,0,31,0,,,nenhuma materia datada localizada,EXCLUIDO,,OUT_OF_SCOPE,false,
CUR_2024_11_29,Curitiba,2024-11-29,13215,Tempestade Local/Convectiva - Vendaval,PR-F-4106902-13215-20241129,Registro,0,0,0,108,,,nenhuma materia datada localizada,EXCLUIDO,,OUT_OF_SCOPE,false,
CUR_2024_12_08,Curitiba,2024-12-08,11321,Deslizamentos,PR-F-4106902-11321-20241208,Registro,0,0,7,0,,,nenhuma materia datada localizada,EXCLUIDO,,MASS_MOVEMENT,false,
CUR_2024_12_12,Curitiba,2024-12-12,11321,Deslizamentos,PR-F-4106902-11321-20241212,Registro,0,5,0,12,,,nenhuma materia datada localizada,EXCLUIDO,,MASS_MOVEMENT,false,
CUR_2025_01_16,Curitiba,2025-01-16,23120,Incêndios em aglomerados residenciais,PR-F-4106902-23120-20250116,Registro,0,0,18,0,,,nenhuma materia datada localizada,EXCLUIDO,,OUT_OF_SCOPE,false,
CUR_2025_05_21,Curitiba,2025-05-21,13213,Tempestade Local/Convectiva - Granizo,PR-F-4106902-13213-20250521,Registro,0,0,3,0,,,nenhuma materia datada localizada,EXCLUIDO,,OUT_OF_SCOPE,false,
CUR_2025_09_22,Curitiba,2025-09-22,13215,Tempestade Local/Convectiva - Vendaval,PR-F-4106902-13215-20250922,Registro,0,0,0,165,,,nenhuma materia datada localizada,EXCLUIDO,,OUT_OF_SCOPE,false,
CUR_2025_10_31,Curitiba,2025-10-31,23120,Incêndios em aglomerados residenciais,PR-F-4106902-23120-20251031,Registro,0,0,0,0,,,nenhuma materia datada localizada,EXCLUIDO,,OUT_OF_SCOPE,false,
CUR_2025_11_28,Curitiba,2025-11-28,13215,Tempestade Local/Convectiva - Vendaval,PR-F-4106902-13215-20251128,Registro,0,0,0,5,,,nenhuma materia datada localizada,EXCLUIDO,,OUT_OF_SCOPE,false,
CUR_2025_11_30,Curitiba,2025-11-30,13213,Tempestade Local/Convectiva - Granizo,PR-F-4106902-13213-20251130,Registro,0,0,15,40,,,nenhuma materia datada localizada,EXCLUIDO,,OUT_OF_SCOPE,false,
CUR_2025_12_10,Curitiba,2025-12-10,13215,Tempestade Local/Convectiva - Vendaval,PR-F-4106902-13215-20251210,Registro,0,0,0,79,,,nenhuma materia datada localizada,EXCLUIDO,,OUT_OF_SCOPE,false,
CUR_2026_04_02,Curitiba,2026-04-02,23110,"Incêndios em plantas e distritos industriais, parques e depósitos",PR-F-4106902-23110-20260402,Registro,0,0,2,0,,,nenhuma materia datada localizada,EXCLUIDO,,OUT_OF_SCOPE,false,
CUR_2026_07_12,Curitiba,2026-07-12,23120,Incêndios em aglomerados residenciais,PR-F-4106902-23120-20260712,Registro,2,7,17,0,,,nenhuma materia datada localizada,EXCLUIDO,,OUT_OF_SCOPE,false,
PET_2025_04_05,Petropolis,2025-04-05,13120,Frentes Frias/Zonas de Convergência,RJ-F-3303906-13120-20250405,Reconhecido,0,30,128,1802,Centro Historico; Av. Barao do Rio Branco; Alto da Serra; Independencia; Sao Sebastiao; Chacara da Flora,Rio Quitandinha transbordou e alagou o Centro Historico,Diario do Grande ABC 05/04/2025; CNN Brasil; Sou Petropolis 06/04/2025; decreto municipal de situacao de emergencia publicado no D.O.,FORTE,1,FLOOD_EXPLICIT,false,347 mm em 24h; pluviometros Cemaden por regiao (Sao Sebastiao >300 mm)
PET_2024_03_22,Petropolis,2024-03-22,13120,Frentes Frias/Zonas de Convergência,RJ-F-3303906-13120-20240322,Reconhecido,4,188,445,175965,Quitandinha; Centro; Valparaiso; Duarte da Silveira; Itaipava; Independencia; Sao Sebastiao; Araras; Itamarati; Castelanea; Retiro; Roseiral,Rios Quitandinha e Piabanha transbordaram; diversas ruas alagadas,Agencia Brasil 22-23/03/2024,FORTE,2,FLOOD_AND_LANDSLIDE_MIXED,false,196 mm em 12h (Cemaden); evento misto - deslizamentos tambem reportados
PET_2024_01_22,Petropolis,2024-01-22,11311,"Quedas, Tombamentos e rolamentos - Blocos",RJ-F-3303906-11311-20240122,Reconhecido,0,0,250,0,,,nenhuma materia datada localizada,EXCLUIDO,,MASS_MOVEMENT,false,
PET_2024_02_06,Petropolis,2024-02-06,11331,Corridas de Massa - Solo/Lama,RJ-F-3303906-11331-20240206,Registro,0,0,0,0,,,nenhuma materia datada localizada,EXCLUIDO,,MASS_MOVEMENT,false,
PET_2025_03_10,Petropolis,2025-03-10,11311,"Quedas, Tombamentos e rolamentos - Blocos",RJ-F-3303906-11311-20250310,Reconhecido,0,0,240,0,,,nenhuma materia datada localizada,EXCLUIDO,,MASS_MOVEMENT,false,
PET_2025_08_20,Petropolis,2025-08-20,14131,"Incêndio Florestal - Incêndios em Parques, Áreas de Proteção Ambiental e Áreas de Preservação Permanente Nacionais, Estaduais ou Municipais",RJ-F-3303906-14131-20250820,Registro,0,0,1,7,,,nenhuma materia datada localizada,EXCLUIDO,,OUT_OF_SCOPE,false,
