ponto_id,rotulo_real,escore,ic95_lo,ic95_hi,variavel_principal,contribuicao_variavel_principal,dino_evidence_patch_id,model_version,regiao
recife_pos_0001_9a396f3546d1ac60,1,0.7737,0.6692,0.8718,rain_decay_index_api_chirps,0.4419,,"SUSC-20 v12 (Firth, n=269, LOO-AUC=0.6781 documentado em SUSC-20C)",recife
recife_pos_0002_7f6c3f73c2811fe4,1,0.3486,0.2243,0.4645,rain_decay_index_api_chirps,-0.8681,REC_NEG_00007,"SUSC-20 v12 (Firth, n=269, LOO-AUC=0.6781 documentado em SUSC-20C)",recife
recife_pos_0006_3d2490466fc995f4,1,0.4409,0.3242,0.5624,rain_decay_index_api_chirps,-0.8681,,"SUSC-20 v12 (Firth, n=269, LOO-AUC=0.6781 documentado em SUSC-20C)",recife
recife_pos_0008_1a802ef47537a049,1,0.2831,0.1583,0.4055,rain_decay_index_api_chirps,-0.6158,REC_00299,"SUSC-20 v12 (Firth, n=269, LOO-AUC=0.6781 documentado em SUSC-20C)",recife
recife_pos_0009_e9c909e584fa17e3,1,0.4638,0.3871,0.553,rain_decay_index_api_chirps,-0.4363,REC_NEG_00008,"SUSC-20 v12 (Firth, n=269, LOO-AUC=0.6781 documentado em SUSC-20C)",recife
recife_pos_0010_f9d5cbc9fb0bcef1,1,0.5025,0.3719,0.6341,twi_dinf,-0.2847,REC_00299,"SUSC-20 v12 (Firth, n=269, LOO-AUC=0.6781 documentado em SUSC-20C)",recife
recife_pos_0011_1c228d6375cb94c1,1,0.5611,0.4534,0.6878,elevation_m,-0.2483,,"SUSC-20 v12 (Firth, n=269, LOO-AUC=0.6781 documentado em SUSC-20C)",recife
recife_pos_0012_5edfe04e06bfabb2,1,0.6903,0.2874,0.9626,rain_peak_residual_orthogonalized,-1.0838,REC_NEG_00007,"SUSC-20 v12 (Firth, n=269, LOO-AUC=0.6781 documentado em SUSC-20C)",recife
recife_pos_0013_febbd6dcacd4ad78,1,0.9133,0.6939,0.9907,rain_decay_index_api_chirps,2.3474,REC_NEG_00007,"SUSC-20 v12 (Firth, n=269, LOO-AUC=0.6781 documentado em SUSC-20C)",recife
recife_pos_0015_6f6ebfc739c9bbe2,1,0.3132,0.2266,0.3896,rain_decay_index_api_chirps,-0.8681,REC_NEG_00012,"SUSC-20 v12 (Firth, n=269, LOO-AUC=0.6781 documentado em SUSC-20C)",recife
recife_pos_0016_32e0195748b0dd4f,1,0.999,0.9906,1.0,rain_decay_index_api_chirps,6.0754,,"SUSC-20 v12 (Firth, n=269, LOO-AUC=0.6781 documentado em SUSC-20C)",recife
recife_pos_0018_52bc8a1a5a9187f4,1,0.8734,0.7636,0.9561,rain_decay_index_api_chirps,1.4176,REC_NEG_00004,"SUSC-20 v12 (Firth, n=269, LOO-AUC=0.6781 documentado em SUSC-20C)",recife
recife_pos_0021_c0e3297b513fdf45,1,0.8803,0.776,0.9568,rain_decay_index_api_chirps,1.8721,,"SUSC-20 v12 (Firth, n=269, LOO-AUC=0.6781 documentado em SUSC-20C)",recife
recife_pos_0022_b31d617723aaf89a,1,0.5461,0.3707,0.722,twi_dinf,0.4826,REC_NEG_00007,"SUSC-20 v12 (Firth, n=269, LOO-AUC=0.6781 documentado em SUSC-20C)",recife
recife_pos_0023_bb7a5cd87b32e781,1,0.549,0.2927,0.7897,rain_decay_index_api_chirps,-0.7425,,"SUSC-20 v12 (Firth, n=269, LOO-AUC=0.6781 documentado em SUSC-20C)",recife
recife_pos_0024_9ab3107981ca5989,1,0.6353,0.4671,0.7835,rain_decay_index_api_chirps,-0.5852,REC_00322,"SUSC-20 v12 (Firth, n=269, LOO-AUC=0.6781 documentado em SUSC-20C)",recife
recife_pos_0025_37a0e076d0a8e596,1,0.6102,0.3523,0.8161,elevation_m,0.4214,REC_00503,"SUSC-20 v12 (Firth, n=269, LOO-AUC=0.6781 documentado em SUSC-20C)",recife
recife_pos_0026_5c4d8f987d734132,1,0.571,0.3806,0.7402,elevation_m,0.3755,REC_00503,"SUSC-20 v12 (Firth, n=269, LOO-AUC=0.6781 documentado em SUSC-20C)",recife
recife_pos_0027_c9c24a08059591b7,1,0.9631,0.9023,0.9921,rain_decay_index_api_chirps,3.0266,,"SUSC-20 v12 (Firth, n=269, LOO-AUC=0.6781 documentado em SUSC-20C)",recife
recife_pos_0028_1bde9db481bb5afd,1,0.9824,0.9303,0.9977,rain_decay_index_api_chirps,3.8343,REC_00528,"SUSC-20 v12 (Firth, n=269, LOO-AUC=0.6781 documentado em SUSC-20C)",recife
recife_pos_0029_13ebba4d732dc2f6,1,0.9932,0.9624,0.9994,rain_decay_index_api_chirps,4.8088,REC_NEG_00012,"SUSC-20 v12 (Firth, n=269, LOO-AUC=0.6781 documentado em SUSC-20C)",recife
recife_pos_0030_662f36478effdd85,1,0.6371,0.4777,0.7856,twi_dinf,0.4527,REC_NEG_00004,"SUSC-20 v12 (Firth, n=269, LOO-AUC=0.6781 documentado em SUSC-20C)",recife
recife_pos_0031_ba8fd2c0b40036a0,1,0.5744,0.4729,0.6762,elevation_m,0.366,REC_00322,"SUSC-20 v12 (Firth, n=269, LOO-AUC=0.6781 documentado em SUSC-20C)",recife
recife_pos_0032_0298185ab926de6d,1,0.4609,0.208,0.6966,elevation_m,0.4616,REC_00503,"SUSC-20 v12 (Firth, n=269, LOO-AUC=0.6781 documentado em SUSC-20C)",recife
recife_pos_0033_8027d8787a018eb5,1,0.5508,0.3669,0.7334,elevation_m,0.4783,,"SUSC-20 v12 (Firth, n=269, LOO-AUC=0.6781 documentado em SUSC-20C)",recife
recife_pos_0034_e5e769e1003d6722,1,0.3149,0.1466,0.5169,rain_decay_index_api_chirps,-0.8543,REC_NEG_00012,"SUSC-20 v12 (Firth, n=269, LOO-AUC=0.6781 documentado em SUSC-20C)",recife
recife_pos_0035_592806860e16a38f,1,0.6167,0.527,0.7043,rain_decay_index_api_chirps,-0.2514,REC_00322,"SUSC-20 v12 (Firth, n=269, LOO-AUC=0.6781 documentado em SUSC-20C)",recife
recife_pos_0036_fd3424632dbc1973,1,0.7648,0.6053,0.9085,rain_decay_index_api_chirps,0.9511,,"SUSC-20 v12 (Firth, n=269, LOO-AUC=0.6781 documentado em SUSC-20C)",recife
recife_pos_0037_b9a7783691b618f1,1,0.9056,0.8299,0.9615,rain_decay_index_api_chirps,1.5728,REC_NEG_00010,"SUSC-20 v12 (Firth, n=269, LOO-AUC=0.6781 documentado em SUSC-20C)",recife
recife_pos_0038_1c65794363493d91,1,0.8327,0.7497,0.9154,rain_decay_index_api_chirps,1.2588,,"SUSC-20 v12 (Firth, n=269, LOO-AUC=0.6781 documentado em SUSC-20C)",recife
recife_pos_0039_50eb42c2cd9e2116,1,0.5233,0.4088,0.6397,rain_decay_index_api_chirps,-0.3813,,"SUSC-20 v12 (Firth, n=269, LOO-AUC=0.6781 documentado em SUSC-20C)",recife
recife_pos_0040_d920025d9486b889,1,0.553,0.3725,0.76,elevation_m,0.4895,REC_NEG_00010,"SUSC-20 v12 (Firth, n=269, LOO-AUC=0.6781 documentado em SUSC-20C)",recife
recife_pos_0041_4e7cf73adc60deca,1,0.4106,0.1718,0.6406,elevation_m,0.4214,REC_00503,"SUSC-20 v12 (Firth, n=269, LOO-AUC=0.6781 documentado em SUSC-20C)",recife
recife_pos_0042_c0004f4761d96a0b,1,0.4504,0.2881,0.6278,rain_decay_index_api_chirps,-0.4301,REC_NEG_00007,"SUSC-20 v12 (Firth, n=269, LOO-AUC=0.6781 documentado em SUSC-20C)",recife
recife_pos_0043_5e6c3c4de30e37ff,1,0.4595,0.2817,0.6441,rain_decay_index_api_chirps,-0.7982,,"SUSC-20 v12 (Firth, n=269, LOO-AUC=0.6781 documentado em SUSC-20C)",recife
recife_pos_0044_6b45d44b02113e2f,1,0.4575,0.3718,0.5461,rain_decay_index_api_chirps,-0.7768,REC_00322,"SUSC-20 v12 (Firth, n=269, LOO-AUC=0.6781 documentado em SUSC-20C)",recife
recife_pos_0045_83c3be86149bdc34,1,0.4643,0.2875,0.6476,rain_decay_index_api_chirps,-0.7723,,"SUSC-20 v12 (Firth, n=269, LOO-AUC=0.6781 documentado em SUSC-20C)",recife
recife_pos_0046_26839cd709cb8be8,1,0.4076,0.2843,0.5161,rain_decay_index_api_chirps,-0.8681,,"SUSC-20 v12 (Firth, n=269, LOO-AUC=0.6781 documentado em SUSC-20C)",recife
recife_pos_0047_f74cb100c8bc7c33,1,0.4224,0.3114,0.5265,rain_decay_index_api_chirps,-0.7737,,"SUSC-20 v12 (Firth, n=269, LOO-AUC=0.6781 documentado em SUSC-20C)",recife
recife_pos_0048_957808f8833c94f3,1,0.908,0.8058,0.9698,rain_decay_index_api_chirps,1.6679,,"SUSC-20 v12 (Firth, n=269, LOO-AUC=0.6781 documentado em SUSC-20C)",recife
recife_pos_0049_659fc92ff70d2e69,1,0.908,0.8058,0.9698,rain_decay_index_api_chirps,1.6679,,"SUSC-20 v12 (Firth, n=269, LOO-AUC=0.6781 documentado em SUSC-20C)",recife
recife_pos_0050_9256af1db5016a09,1,0.799,0.6443,0.918,rain_decay_index_api_chirps,1.6679,,"SUSC-20 v12 (Firth, n=269, LOO-AUC=0.6781 documentado em SUSC-20C)",recife
recife_pos_0051_26c6f63829a2b8c2,1,0.8337,0.7206,0.9275,rain_decay_index_api_chirps,1.6679,,"SUSC-20 v12 (Firth, n=269, LOO-AUC=0.6781 documentado em SUSC-20C)",recife
recife_pos_0052_8071684f1b0cb194,1,0.8337,0.7206,0.9275,rain_decay_index_api_chirps,1.6679,,"SUSC-20 v12 (Firth, n=269, LOO-AUC=0.6781 documentado em SUSC-20C)",recife
recife_pos_0053_6608fb4e5fd63dab,1,0.7462,0.6526,0.8479,rain_decay_index_api_chirps,0.9108,,"SUSC-20 v12 (Firth, n=269, LOO-AUC=0.6781 documentado em SUSC-20C)",recife
recife_pos_0054_e852abcc060243a1,1,0.7352,0.6279,0.8357,rain_decay_index_api_chirps,0.3429,,"SUSC-20 v12 (Firth, n=269, LOO-AUC=0.6781 documentado em SUSC-20C)",recife
recife_pos_0055_11d0113fe281a9fc,1,0.5154,0.4322,0.6054,rain_decay_index_api_chirps,-0.5768,,"SUSC-20 v12 (Firth, n=269, LOO-AUC=0.6781 documentado em SUSC-20C)",recife
recife_pos_0056_78b7c72a4107dfa1,1,0.5447,0.446,0.663,twi_dinf,-0.1755,,"SUSC-20 v12 (Firth, n=269, LOO-AUC=0.6781 documentado em SUSC-20C)",recife
recife_pos_0057_e9802b5e8fdd3615,1,0.3949,0.2262,0.5876,rain_decay_index_api_chirps,-0.8681,,"SUSC-20 v12 (Firth, n=269, LOO-AUC=0.6781 documentado em SUSC-20C)",recife
recife_pos_0058_929c225bb529daec,1,0.383,0.2845,0.4832,rain_decay_index_api_chirps,-0.6021,,"SUSC-20 v12 (Firth, n=269, LOO-AUC=0.6781 documentado em SUSC-20C)",recife
recife_pos_0059_d9b4be6cee9c9808,1,0.5087,0.3414,0.6667,rain_decay_index_api_chirps,-0.7871,REC_00322,"SUSC-20 v12 (Firth, n=269, LOO-AUC=0.6781 documentado em SUSC-20C)",recife
recife_pos_0060_50652a81597b6513,1,0.8234,0.7269,0.9068,rain_decay_index_api_chirps,0.8611,,"SUSC-20 v12 (Firth, n=269, LOO-AUC=0.6781 documentado em SUSC-20C)",recife
recife_pos_0061_5bf1b92ed537658c,1,0.9745,0.912,0.9957,rain_decay_index_api_chirps,2.68,REC_00526,"SUSC-20 v12 (Firth, n=269, LOO-AUC=0.6781 documentado em SUSC-20C)",recife
recife_pos_0062_ae79f745ee4db389,1,0.5972,0.5241,0.6805,twi_dinf,0.191,,"SUSC-20 v12 (Firth, n=269, LOO-AUC=0.6781 documentado em SUSC-20C)",recife
recife_pos_0063_f09b1138c2b96609,1,0.5972,0.5241,0.6805,twi_dinf,0.191,,"SUSC-20 v12 (Firth, n=269, LOO-AUC=0.6781 documentado em SUSC-20C)",recife
recife_pos_0064_ca0a6d0ec1091c25,1,0.5972,0.5241,0.6805,twi_dinf,0.191,,"SUSC-20 v12 (Firth, n=269, LOO-AUC=0.6781 documentado em SUSC-20C)",recife
recife_pos_0065_d15634367b6279f3,1,0.5581,0.3996,0.7066,rain_decay_index_api_chirps,-0.5067,REC_NEG_00010,"SUSC-20 v12 (Firth, n=269, LOO-AUC=0.6781 documentado em SUSC-20C)",recife
recife_pos_0066_6eade3f53459865c,1,0.4513,0.3679,0.5416,elevation_m,-0.2123,,"SUSC-20 v12 (Firth, n=269, LOO-AUC=0.6781 documentado em SUSC-20C)",recife
recife_pos_0067_1a25d17fadf89cfb,1,0.7116,0.5187,0.8703,twi_dinf,0.9469,,"SUSC-20 v12 (Firth, n=269, LOO-AUC=0.6781 documentado em SUSC-20C)",recife
recife_pos_0068_5d18070be7cab26d,1,0.7116,0.5187,0.8703,twi_dinf,0.9469,,"SUSC-20 v12 (Firth, n=269, LOO-AUC=0.6781 documentado em SUSC-20C)",recife
recife_pos_0069_02bb789d97103be9,1,0.7116,0.5187,0.8703,twi_dinf,0.9469,,"SUSC-20 v12 (Firth, n=269, LOO-AUC=0.6781 documentado em SUSC-20C)",recife
recife_pos_0070_5945447cda68be08,1,0.4513,0.3679,0.5416,elevation_m,-0.2123,,"SUSC-20 v12 (Firth, n=269, LOO-AUC=0.6781 documentado em SUSC-20C)",recife
recife_pos_0071_aa5a520fcd41b871,1,0.4741,0.3338,0.6257,rain_decay_index_api_chirps,-0.8681,,"SUSC-20 v12 (Firth, n=269, LOO-AUC=0.6781 documentado em SUSC-20C)",recife
recife_pos_0072_bc6b43020b5f4a4d,1,0.4741,0.3338,0.6257,rain_decay_index_api_chirps,-0.8681,,"SUSC-20 v12 (Firth, n=269, LOO-AUC=0.6781 documentado em SUSC-20C)",recife
recife_pos_0073_c100e8d644f0a6fe,1,0.3399,0.2398,0.4315,rain_decay_index_api_chirps,-0.8681,,"SUSC-20 v12 (Firth, n=269, LOO-AUC=0.6781 documentado em SUSC-20C)",recife
recife_pos_0074_2236347bebf430ea,1,0.4741,0.3338,0.6257,rain_decay_index_api_chirps,-0.8681,,"SUSC-20 v12 (Firth, n=269, LOO-AUC=0.6781 documentado em SUSC-20C)",recife
recife_pos_0075_c0ab4c7085725049,1,0.4741,0.3338,0.6257,rain_decay_index_api_chirps,-0.8681,,"SUSC-20 v12 (Firth, n=269, LOO-AUC=0.6781 documentado em SUSC-20C)",recife
recife_pos_0076_49f1adac3c63301f,1,0.3134,0.1171,0.5633,rain_decay_index_api_chirps,-0.8681,,"SUSC-20 v12 (Firth, n=269, LOO-AUC=0.6781 documentado em SUSC-20C)",recife
recife_pos_0077_c007ea6d88ccaf22,1,0.5228,0.3568,0.6827,rain_decay_index_api_chirps,-0.7503,REC_00322,"SUSC-20 v12 (Firth, n=269, LOO-AUC=0.6781 documentado em SUSC-20C)",recife
recife_pos_0078_d162b76a769abcf8,1,0.9466,0.859,0.9869,rain_decay_index_api_chirps,2.1909,REC_NEG_00013,"SUSC-20 v12 (Firth, n=269, LOO-AUC=0.6781 documentado em SUSC-20C)",recife
recife_pos_0079_e49590eb20f5d4ff,1,0.8124,0.653,0.9291,rain_decay_index_api_chirps,1.2811,REC_NEG_00001,"SUSC-20 v12 (Firth, n=269, LOO-AUC=0.6781 documentado em SUSC-20C)",recife
recife_pos_0080_c8d3049753e0ff61,1,0.9499,0.8477,0.9904,rain_decay_index_api_chirps,1.717,REC_00503,"SUSC-20 v12 (Firth, n=269, LOO-AUC=0.6781 documentado em SUSC-20C)",recife
recife_pos_0081_deee3775d227cf9b,1,0.3397,0.237,0.4511,rain_decay_index_api_chirps,-0.5968,REC_00528,"SUSC-20 v12 (Firth, n=269, LOO-AUC=0.6781 documentado em SUSC-20C)",recife
recife_pos_0082_5688553d382849fe,1,0.3415,0.2519,0.4283,rain_decay_index_api_chirps,-0.8488,REC_NEG_00003,"SUSC-20 v12 (Firth, n=269, LOO-AUC=0.6781 documentado em SUSC-20C)",recife
recife_pos_0083_d8976a472ea97dbd,1,0.3804,0.292,0.4641,rain_decay_index_api_chirps,-0.784,REC_NEG_00006,"SUSC-20 v12 (Firth, n=269, LOO-AUC=0.6781 documentado em SUSC-20C)",recife
recife_pos_0084_ca290aa7f072692d,1,0.5182,0.4219,0.6273,twi_dinf,-0.266,REC_00505,"SUSC-20 v12 (Firth, n=269, LOO-AUC=0.6781 documentado em SUSC-20C)",recife
recife_pos_0085_6feb31977a1ce484,1,0.4374,0.3554,0.5238,rain_decay_index_api_chirps,-0.3905,,"SUSC-20 v12 (Firth, n=269, LOO-AUC=0.6781 documentado em SUSC-20C)",recife
recife_pos_0086_99d884002c7875a6,1,0.4374,0.3554,0.5238,rain_decay_index_api_chirps,-0.3905,,"SUSC-20 v12 (Firth, n=269, LOO-AUC=0.6781 documentado em SUSC-20C)",recife
recife_pos_0087_67968daea0fa46b3,1,0.4374,0.3554,0.5238,rain_decay_index_api_chirps,-0.3905,,"SUSC-20 v12 (Firth, n=269, LOO-AUC=0.6781 documentado em SUSC-20C)",recife
recife_pos_0088_75e9a9396514ea2a,1,0.4374,0.3554,0.5238,rain_decay_index_api_chirps,-0.3905,,"SUSC-20 v12 (Firth, n=269, LOO-AUC=0.6781 documentado em SUSC-20C)",recife
recife_pos_0089_13f5993514be33d1,1,0.4374,0.3554,0.5238,rain_decay_index_api_chirps,-0.3905,,"SUSC-20 v12 (Firth, n=269, LOO-AUC=0.6781 documentado em SUSC-20C)",recife
recife_pos_0090_1e10df15c7c5fba9,1,0.4374,0.3554,0.5238,rain_decay_index_api_chirps,-0.3905,,"SUSC-20 v12 (Firth, n=269, LOO-AUC=0.6781 documentado em SUSC-20C)",recife
recife_pos_0091_e253eef88e4ea52a,1,0.4184,0.3523,0.4803,rain_decay_index_api_chirps,-0.3062,REC_NEG_00011,"SUSC-20 v12 (Firth, n=269, LOO-AUC=0.6781 documentado em SUSC-20C)",recife
recife_pos_0092_c75fed78ea1ea58d,1,0.8103,0.6997,0.9081,rain_decay_index_api_chirps,1.1972,REC_00528,"SUSC-20 v12 (Firth, n=269, LOO-AUC=0.6781 documentado em SUSC-20C)",recife
recife_pos_0093_6620fb99ed293305,1,0.692,0.5898,0.805,rain_decay_index_api_chirps,0.6218,,"SUSC-20 v12 (Firth, n=269, LOO-AUC=0.6781 documentado em SUSC-20C)",recife
recife_pos_0094_2a6692c1ffce02d1,1,0.692,0.5898,0.805,rain_decay_index_api_chirps,0.6218,,"SUSC-20 v12 (Firth, n=269, LOO-AUC=0.6781 documentado em SUSC-20C)",recife
recife_pos_0095_fee04401580e1889,1,0.692,0.5898,0.805,rain_decay_index_api_chirps,0.6218,,"SUSC-20 v12 (Firth, n=269, LOO-AUC=0.6781 documentado em SUSC-20C)",recife
recife_pos_0096_e0113b1a9cca2492,1,0.692,0.5898,0.805,rain_decay_index_api_chirps,0.6218,,"SUSC-20 v12 (Firth, n=269, LOO-AUC=0.6781 documentado em SUSC-20C)",recife
recife_pos_0097_f168e1dd75b8f091,1,0.692,0.5898,0.805,rain_decay_index_api_chirps,0.6218,,"SUSC-20 v12 (Firth, n=269, LOO-AUC=0.6781 documentado em SUSC-20C)",recife
recife_pos_0098_a9665d58f696af6b,1,0.6233,0.348,0.8478,twi_dinf,0.5371,,"SUSC-20 v12 (Firth, n=269, LOO-AUC=0.6781 documentado em SUSC-20C)",recife
recife_pos_0099_60ea8ba3ce6f0534,1,0.8796,0.7639,0.9615,rain_decay_index_api_chirps,1.597,,"SUSC-20 v12 (Firth, n=269, LOO-AUC=0.6781 documentado em SUSC-20C)",recife
recife_pos_0100_885b904fa022ade3,1,0.7165,0.5656,0.8593,rain_decay_index_api_chirps,1.2272,,"SUSC-20 v12 (Firth, n=269, LOO-AUC=0.6781 documentado em SUSC-20C)",recife
recife_pos_0101_ab4e9808340efd66,1,0.7482,0.6067,0.8804,rain_decay_index_api_chirps,0.8045,REC_00322,"SUSC-20 v12 (Firth, n=269, LOO-AUC=0.6781 documentado em SUSC-20C)",recife
recife_pos_0102_274240374c9aaebc,1,0.226,0.1246,0.3306,rain_decay_index_api_chirps,-0.8681,,"SUSC-20 v12 (Firth, n=269, LOO-AUC=0.6781 documentado em SUSC-20C)",recife
recife_pos_0103_dc2b3973362c3d46,1,0.226,0.1246,0.3306,rain_decay_index_api_chirps,-0.8681,,"SUSC-20 v12 (Firth, n=269, LOO-AUC=0.6781 documentado em SUSC-20C)",recife
recife_pos_0104_43c8448f630134d3,1,0.226,0.1246,0.3306,rain_decay_index_api_chirps,-0.8681,,"SUSC-20 v12 (Firth, n=269, LOO-AUC=0.6781 documentado em SUSC-20C)",recife
recife_pos_0105_ff415dd47b316fe8,1,0.226,0.1246,0.3306,rain_decay_index_api_chirps,-0.8681,,"SUSC-20 v12 (Firth, n=269, LOO-AUC=0.6781 documentado em SUSC-20C)",recife
recife_pos_0106_f66aae7626210185,1,0.4578,0.3453,0.5795,rain_decay_index_api_chirps,-0.8372,REC_NEG_00001,"SUSC-20 v12 (Firth, n=269, LOO-AUC=0.6781 documentado em SUSC-20C)",recife
recife_pos_0107_b5626bd3ddc43e56,1,0.3558,0.2026,0.5288,rain_decay_index_api_chirps,-0.8219,,"SUSC-20 v12 (Firth, n=269, LOO-AUC=0.6781 documentado em SUSC-20C)",recife
recife_pos_0108_c83e0ae35998a189,1,0.415,0.3488,0.4738,rain_decay_index_api_chirps,-0.6707,REC_NEG_00001,"SUSC-20 v12 (Firth, n=269, LOO-AUC=0.6781 documentado em SUSC-20C)",recife
recife_pos_0109_275aeb5c822d3794,1,0.5158,0.357,0.6665,rain_decay_index_api_chirps,-0.4415,,"SUSC-20 v12 (Firth, n=269, LOO-AUC=0.6781 documentado em SUSC-20C)",recife
recife_pos_0110_4bcc840abff2d84a,1,0.5625,0.3631,0.7468,rain_decay_index_api_chirps,0.2494,,"SUSC-20 v12 (Firth, n=269, LOO-AUC=0.6781 documentado em SUSC-20C)",recife
recife_pos_0111_1586135f7f7fd06c,1,0.369,0.2689,0.4647,rain_decay_index_api_chirps,-0.7048,,"SUSC-20 v12 (Firth, n=269, LOO-AUC=0.6781 documentado em SUSC-20C)",recife
recife_pos_0112_634bb986f97b6b2b,1,0.4328,0.2695,0.6123,rain_decay_index_api_chirps,-0.8681,REC_NEG_00012,"SUSC-20 v12 (Firth, n=269, LOO-AUC=0.6781 documentado em SUSC-20C)",recife
recife_pos_0113_438c573b48289ddd,1,0.6541,0.3411,0.8782,twi_dinf,1.1439,REC_NEG_00010,"SUSC-20 v12 (Firth, n=269, LOO-AUC=0.6781 documentado em SUSC-20C)",recife
recife_pos_0114_b865cb43acca5be2,1,0.6264,0.4741,0.7883,rain_decay_index_api_chirps,0.4941,REC_00322,"SUSC-20 v12 (Firth, n=269, LOO-AUC=0.6781 documentado em SUSC-20C)",recife
recife_pos_0115_649e4a4931e7d9bd,1,0.8696,0.7621,0.9498,rain_decay_index_api_chirps,1.3693,REC_NEG_00010,"SUSC-20 v12 (Firth, n=269, LOO-AUC=0.6781 documentado em SUSC-20C)",recife
recife_pos_0116_d1fed903b66a1c80,1,0.4641,0.3773,0.5584,rain_decay_index_api_chirps,-0.4758,,"SUSC-20 v12 (Firth, n=269, LOO-AUC=0.6781 documentado em SUSC-20C)",recife
recife_pos_0117_df314ef06b4e95f2,1,0.7163,0.4742,0.894,rain_decay_index_api_chirps,1.2735,REC_NEG_00012,"SUSC-20 v12 (Firth, n=269, LOO-AUC=0.6781 documentado em SUSC-20C)",recife
recife_pos_0118_950546c0f318fab0,1,0.7126,0.5712,0.8506,rain_decay_index_api_chirps,0.9523,REC_NEG_00010,"SUSC-20 v12 (Firth, n=269, LOO-AUC=0.6781 documentado em SUSC-20C)",recife
recife_pos_0119_488d5aaed0ac4396,1,0.3367,0.2347,0.4394,rain_decay_index_api_chirps,-0.8681,,"SUSC-20 v12 (Firth, n=269, LOO-AUC=0.6781 documentado em SUSC-20C)",recife
recife_pos_0120_b883c5f986cfb61a,1,0.3617,0.2393,0.4845,rain_decay_index_api_chirps,-0.4449,,"SUSC-20 v12 (Firth, n=269, LOO-AUC=0.6781 documentado em SUSC-20C)",recife
recife_pos_0121_ac71b50e8d88f772,1,0.5535,0.4607,0.6523,rain_decay_index_api_chirps,-0.5065,,"SUSC-20 v12 (Firth, n=269, LOO-AUC=0.6781 documentado em SUSC-20C)",recife
recife_pos_0122_dd32ef50d7356a40,1,0.4677,0.2631,0.6735,slope_deg,-0.5331,REC_NEG_00013,"SUSC-20 v12 (Firth, n=269, LOO-AUC=0.6781 documentado em SUSC-20C)",recife
recife_pos_0123_9840f4be51872b94,1,0.6934,0.5658,0.8155,rain_peak_residual_orthogonalized,0.19,,"SUSC-20 v12 (Firth, n=269, LOO-AUC=0.6781 documentado em SUSC-20C)",recife
recife_pos_0124_7897fdbcc0823d65,1,0.6059,0.5084,0.7009,elevation_m,-0.2716,,"SUSC-20 v12 (Firth, n=269, LOO-AUC=0.6781 documentado em SUSC-20C)",recife
recife_pos_0125_255c1be70679ef38,1,0.7775,0.6675,0.8764,rain_decay_index_api_chirps,0.4946,REC_NEG_00013,"SUSC-20 v12 (Firth, n=269, LOO-AUC=0.6781 documentado em SUSC-20C)",recife
recife_pos_0126_e0f0e089d41d956b,1,0.685,0.5063,0.8316,elevation_m,0.4654,REC_NEG_00013,"SUSC-20 v12 (Firth, n=269, LOO-AUC=0.6781 documentado em SUSC-20C)",recife
recife_pos_0127_6f969503d3bc1e5e,1,0.46,0.3605,0.5706,rain_decay_index_api_chirps,-0.4084,REC_NEG_00010,"SUSC-20 v12 (Firth, n=269, LOO-AUC=0.6781 documentado em SUSC-20C)",recife
recife_pos_0128_f8f9f8d8550316fd,1,0.5943,0.4281,0.748,rain_decay_index_api_chirps,0.4289,REC_NEG_00010,"SUSC-20 v12 (Firth, n=269, LOO-AUC=0.6781 documentado em SUSC-20C)",recife
recife_pos_0129_bf12b6089a005fab,1,0.4834,0.4105,0.5599,elevation_m,-0.2679,,"SUSC-20 v12 (Firth, n=269, LOO-AUC=0.6781 documentado em SUSC-20C)",recife
recife_pos_0130_cec3ed1fef8f9ded,1,0.4988,0.4005,0.6038,rain_decay_index_api_chirps,-0.2413,,"SUSC-20 v12 (Firth, n=269, LOO-AUC=0.6781 documentado em SUSC-20C)",recife
recife_pos_0131_cd544d18c83239eb,1,0.3982,0.2822,0.5109,rain_decay_index_api_chirps,-0.4502,REC_NEG_00013,"SUSC-20 v12 (Firth, n=269, LOO-AUC=0.6781 documentado em SUSC-20C)",recife
recife_pos_0132_8366f3184920e77c,1,0.5094,0.4005,0.6324,rain_decay_index_api_chirps,-0.4296,REC_NEG_00010,"SUSC-20 v12 (Firth, n=269, LOO-AUC=0.6781 documentado em SUSC-20C)",recife
recife_pos_0133_d9d21d475602d02b,1,0.4507,0.3444,0.5732,elevation_m,-0.2685,,"SUSC-20 v12 (Firth, n=269, LOO-AUC=0.6781 documentado em SUSC-20C)",recife
recife_pos_0134_53d2798638bfed57,1,0.9387,0.8471,0.9854,rain_decay_index_api_chirps,2.7115,REC_NEG_00013,"SUSC-20 v12 (Firth, n=269, LOO-AUC=0.6781 documentado em SUSC-20C)",recife
recife_pos_0135_a18d355316797881,1,0.5819,0.3979,0.7771,rain_decay_index_api_chirps,0.7062,,"SUSC-20 v12 (Firth, n=269, LOO-AUC=0.6781 documentado em SUSC-20C)",recife
recife_pos_0136_dff6f8b5b66d8c8c,1,0.6683,0.5221,0.8267,rain_decay_index_api_chirps,0.7062,,"SUSC-20 v12 (Firth, n=269, LOO-AUC=0.6781 documentado em SUSC-20C)",recife
recife_pos_0137_bd7a74a4e3b14dc6,1,0.9656,0.8956,0.9934,rain_decay_index_api_chirps,2.6878,REC_00388,"SUSC-20 v12 (Firth, n=269, LOO-AUC=0.6781 documentado em SUSC-20C)",recife
recife_pos_0138_cea96c56e7faec51,1,0.9469,0.8695,0.9868,rain_decay_index_api_chirps,2.654,REC_NEG_00001,"SUSC-20 v12 (Firth, n=269, LOO-AUC=0.6781 documentado em SUSC-20C)",recife
recife_pos_0139_15470bbd649613d7,1,0.5088,0.4176,0.5968,elevation_m,-0.2685,,"SUSC-20 v12 (Firth, n=269, LOO-AUC=0.6781 documentado em SUSC-20C)",recife
recife_pos_0140_3300907b7f03241c,1,0.5966,0.5081,0.6887,elevation_m,0.3189,,"SUSC-20 v12 (Firth, n=269, LOO-AUC=0.6781 documentado em SUSC-20C)",recife
REC_NEGV3_e5b0d67b4d31b093,0,0.5121,0.3982,0.6311,rain_decay_index_api_chirps,-0.2287,REC_NEG_00001,"SUSC-20 v12 (Firth, n=269, LOO-AUC=0.6781 documentado em SUSC-20C)",recife
REC_NEGV3_11ec770ad80a1606,0,0.2612,0.1071,0.5043,rain_peak_residual_orthogonalized,-0.4823,REC_NEG_00002,"SUSC-20 v12 (Firth, n=269, LOO-AUC=0.6781 documentado em SUSC-20C)",recife
REC_NEGV3_c39b951f08b83370,0,0.3975,0.1741,0.7336,rain_peak_residual_orthogonalized,-0.6494,REC_00276,"SUSC-20 v12 (Firth, n=269, LOO-AUC=0.6781 documentado em SUSC-20C)",recife
REC_NEGV3_687b5ec12c43c33e,0,0.5095,0.3512,0.6703,rain_decay_index_api_chirps,0.2703,REC_NEG_00003,"SUSC-20 v12 (Firth, n=269, LOO-AUC=0.6781 documentado em SUSC-20C)",recife
REC_NEGV3_227bf6fbc8a3a216,0,0.4752,0.3226,0.6225,rain_decay_index_api_chirps,-0.855,REC_NEG_00004,"SUSC-20 v12 (Firth, n=269, LOO-AUC=0.6781 documentado em SUSC-20C)",recife
REC_NEGV3_ca7e64799c40b0e0,0,0.5272,0.362,0.6854,slope_deg,-0.3695,REC_NEG_00005,"SUSC-20 v12 (Firth, n=269, LOO-AUC=0.6781 documentado em SUSC-20C)",recife
REC_NEGV3_ad3a278d56eebc1d,0,0.2972,0.1419,0.4791,slope_deg,-0.3652,REC_NEG_00006,"SUSC-20 v12 (Firth, n=269, LOO-AUC=0.6781 documentado em SUSC-20C)",recife
REC_NEGV3_c56afdbe4b97ba9b,0,0.8043,0.6513,0.9186,rain_decay_index_api_chirps,0.4064,REC_NEG_00007,"SUSC-20 v12 (Firth, n=269, LOO-AUC=0.6781 documentado em SUSC-20C)",recife
REC_NEGV3_6ec93d5c66ebe628,0,0.4559,0.3803,0.5291,rain_decay_index_api_chirps,-0.6365,REC_NEG_00008,"SUSC-20 v12 (Firth, n=269, LOO-AUC=0.6781 documentado em SUSC-20C)",recife
REC_NEGV3_a193a77e464d3ec3,0,0.63,0.4801,0.7761,elevation_m,0.6114,REC_NEG_00007,"SUSC-20 v12 (Firth, n=269, LOO-AUC=0.6781 documentado em SUSC-20C)",recife
REC_NEGV3_61042a024b2d0411,0,0.69,0.5028,0.8452,twi_dinf,0.4527,REC_NEG_00004,"SUSC-20 v12 (Firth, n=269, LOO-AUC=0.6781 documentado em SUSC-20C)",recife
REC_NEGV3_299d7f19ffc58b52,0,0.3777,0.2826,0.4658,rain_decay_index_api_chirps,-0.7079,REC_NEG_00009,"SUSC-20 v12 (Firth, n=269, LOO-AUC=0.6781 documentado em SUSC-20C)",recife
REC_NEGV3_317973c2f50a61b3,0,0.5337,0.4283,0.6491,elevation_m,-0.2385,REC_00529,"SUSC-20 v12 (Firth, n=269, LOO-AUC=0.6781 documentado em SUSC-20C)",recife
REC_NEGV3_a08f924e68ca5317,0,0.3477,0.2805,0.4105,rain_decay_index_api_chirps,-0.7645,REC_00276,"SUSC-20 v12 (Firth, n=269, LOO-AUC=0.6781 documentado em SUSC-20C)",recife
REC_NEGV3_ff633bee76765952,0,0.3067,0.2073,0.4024,rain_decay_index_api_chirps,-0.8376,REC_NEG_00001,"SUSC-20 v12 (Firth, n=269, LOO-AUC=0.6781 documentado em SUSC-20C)",recife
REC_NEGV3_a20f30fd5217fec3,0,0.4953,0.3351,0.6494,rain_decay_index_api_chirps,-0.7567,REC_NEG_00010,"SUSC-20 v12 (Firth, n=269, LOO-AUC=0.6781 documentado em SUSC-20C)",recife
REC_NEGV3_aba5916f383b1e7f,0,0.5625,0.3917,0.732,twi_dinf,0.3828,REC_NEG_00003,"SUSC-20 v12 (Firth, n=269, LOO-AUC=0.6781 documentado em SUSC-20C)",recife
REC_NEGV3_8c3c50d26535fa63,0,0.6673,0.5819,0.7632,rain_decay_index_api_chirps,0.4346,REC_NEG_00011,"SUSC-20 v12 (Firth, n=269, LOO-AUC=0.6781 documentado em SUSC-20C)",recife
REC_NEGV3_bbbe1ad5006ca890,0,0.6362,0.5297,0.7476,rain_decay_index_api_chirps,0.3542,REC_NEG_00012,"SUSC-20 v12 (Firth, n=269, LOO-AUC=0.6781 documentado em SUSC-20C)",recife
REC_NEGV3_1354d16677455e66,0,0.3396,0.2335,0.4382,rain_decay_index_api_chirps,-0.8681,REC_NEG_00003,"SUSC-20 v12 (Firth, n=269, LOO-AUC=0.6781 documentado em SUSC-20C)",recife
REC_NEGV3_40b1f325018eeb9f,0,0.2815,0.1842,0.3688,rain_decay_index_api_chirps,-0.8235,REC_NEG_00013,"SUSC-20 v12 (Firth, n=269, LOO-AUC=0.6781 documentado em SUSC-20C)",recife
REC_NEGV3_f2507c2c4f04d6ed,0,0.307,0.2131,0.3951,rain_decay_index_api_chirps,-0.664,REC_NEG_00013,"SUSC-20 v12 (Firth, n=269, LOO-AUC=0.6781 documentado em SUSC-20C)",recife
NEWPOS_34e4e28f79707f56,1,0.3317,0.2503,0.4075,rain_decay_index_api_chirps,-0.7433,,"SUSC-20 v12 (Firth, n=269, LOO-AUC=0.6781 documentado em SUSC-20C)",recife
NEWPOS_3ffe61cb62224d51,1,0.3795,0.3026,0.4522,rain_decay_index_api_chirps,-0.4549,,"SUSC-20 v12 (Firth, n=269, LOO-AUC=0.6781 documentado em SUSC-20C)",recife
NEWPOS_fcb0209bcc55fef3,1,0.4016,0.3003,0.4995,rain_decay_index_api_chirps,-0.8126,,"SUSC-20 v12 (Firth, n=269, LOO-AUC=0.6781 documentado em SUSC-20C)",recife
NEWPOS_94c5470c68eea998,1,0.8738,0.7569,0.9549,rain_decay_index_api_chirps,1.8294,REC_00528,"SUSC-20 v12 (Firth, n=269, LOO-AUC=0.6781 documentado em SUSC-20C)",recife
NOVONEG_ILUM_000,0,0.5757,0.4454,0.7149,twi_dinf,0.5683,,"SUSC-20 v12 (Firth, n=269, LOO-AUC=0.6781 documentado em SUSC-20C)",recife
NOVONEG_ILUM_001,0,0.4349,0.3658,0.5038,rain_decay_index_api_chirps,-0.379,,"SUSC-20 v12 (Firth, n=269, LOO-AUC=0.6781 documentado em SUSC-20C)",recife
NOVONEG_ILUM_002,0,0.4135,0.3329,0.4932,rain_decay_index_api_chirps,-0.3591,,"SUSC-20 v12 (Firth, n=269, LOO-AUC=0.6781 documentado em SUSC-20C)",recife
NOVONEG_ILUM_003,0,0.6847,0.4433,0.8762,twi_dinf,1.1036,,"SUSC-20 v12 (Firth, n=269, LOO-AUC=0.6781 documentado em SUSC-20C)",recife
NOVONEG_ILUM_004,0,0.3339,0.2309,0.4239,rain_decay_index_api_chirps,-0.379,,"SUSC-20 v12 (Firth, n=269, LOO-AUC=0.6781 documentado em SUSC-20C)",recife
NOVONEG_ILUM_005,0,0.3664,0.2467,0.4864,rain_decay_index_api_chirps,-0.4321,,"SUSC-20 v12 (Firth, n=269, LOO-AUC=0.6781 documentado em SUSC-20C)",recife
NOVONEG_ILUM_006,0,0.5085,0.4192,0.6033,rain_decay_index_api_chirps,-0.3701,,"SUSC-20 v12 (Firth, n=269, LOO-AUC=0.6781 documentado em SUSC-20C)",recife
NOVONEG_ILUM_007,0,0.4006,0.2981,0.5023,rain_decay_index_api_chirps,-0.4521,,"SUSC-20 v12 (Firth, n=269, LOO-AUC=0.6781 documentado em SUSC-20C)",recife
NOVONEG_ILUM_008,0,0.3739,0.2987,0.4373,rain_decay_index_api_chirps,-0.379,,"SUSC-20 v12 (Firth, n=269, LOO-AUC=0.6781 documentado em SUSC-20C)",recife
NOVONEG_ILUM_009,0,0.4032,0.3108,0.4952,rain_decay_index_api_chirps,-0.4191,,"SUSC-20 v12 (Firth, n=269, LOO-AUC=0.6781 documentado em SUSC-20C)",recife
NOVONEG_ILUM_010,0,0.406,0.3441,0.4622,rain_decay_index_api_chirps,-0.4191,,"SUSC-20 v12 (Firth, n=269, LOO-AUC=0.6781 documentado em SUSC-20C)",recife
NOVONEG_ILUM_011,0,0.4442,0.3568,0.5372,rain_decay_index_api_chirps,-0.3591,,"SUSC-20 v12 (Firth, n=269, LOO-AUC=0.6781 documentado em SUSC-20C)",recife
NOVONEG_ILUM_012,0,0.4494,0.3674,0.5291,rain_decay_index_api_chirps,-0.4191,,"SUSC-20 v12 (Firth, n=269, LOO-AUC=0.6781 documentado em SUSC-20C)",recife
NOVONEG_ILUM_013,0,0.517,0.4078,0.6185,rain_decay_index_api_chirps,-0.4321,REC_00276,"SUSC-20 v12 (Firth, n=269, LOO-AUC=0.6781 documentado em SUSC-20C)",recife
NOVONEG_V9_BAIRRO_000,0,0.4185,0.3457,0.483,rain_decay_index_api_chirps,-0.7151,,"SUSC-20 v12 (Firth, n=269, LOO-AUC=0.6781 documentado em SUSC-20C)",recife
NOVONEG_V9_BAIRRO_001,0,0.3203,0.1699,0.4952,rain_decay_index_api_chirps,-0.4151,,"SUSC-20 v12 (Firth, n=269, LOO-AUC=0.6781 documentado em SUSC-20C)",recife
NOVONEG_V9_BAIRRO_002,0,0.5172,0.3813,0.6599,rain_decay_index_api_chirps,-0.5769,,"SUSC-20 v12 (Firth, n=269, LOO-AUC=0.6781 documentado em SUSC-20C)",recife
NOVONEG_V9_BAIRRO_003,0,0.4576,0.3594,0.5528,twi_dinf,-0.1878,REC_00276,"SUSC-20 v12 (Firth, n=269, LOO-AUC=0.6781 documentado em SUSC-20C)",recife
NOVONEG_V9_BAIRRO_004,0,0.5498,0.346,0.7487,elevation_m,0.6254,REC_00503,"SUSC-20 v12 (Firth, n=269, LOO-AUC=0.6781 documentado em SUSC-20C)",recife
NOVONEG_V9_BAIRRO_005,0,0.5055,0.4166,0.6012,elevation_m,-0.1868,REC_00528,"SUSC-20 v12 (Firth, n=269, LOO-AUC=0.6781 documentado em SUSC-20C)",recife
NOVONEG_V9_BAIRRO_006,0,0.3755,0.2886,0.4522,rain_decay_index_api_chirps,-0.5408,,"SUSC-20 v12 (Firth, n=269, LOO-AUC=0.6781 documentado em SUSC-20C)",recife
NOVONEG_V9_BAIRRO_007,0,0.3108,0.2241,0.3908,rain_decay_index_api_chirps,-0.7151,REC_00482,"SUSC-20 v12 (Firth, n=269, LOO-AUC=0.6781 documentado em SUSC-20C)",recife
NOVONEG_V9_BAIRRO_008,0,0.3486,0.2497,0.4414,rain_decay_index_api_chirps,-0.7271,,"SUSC-20 v12 (Firth, n=269, LOO-AUC=0.6781 documentado em SUSC-20C)",recife
NOVONEG_V9_BAIRRO_009,0,0.3334,0.2461,0.4168,rain_decay_index_api_chirps,-0.5647,,"SUSC-20 v12 (Firth, n=269, LOO-AUC=0.6781 documentado em SUSC-20C)",recife
NOVONEG_V9_BAIRRO_010,0,0.3983,0.3193,0.473,rain_decay_index_api_chirps,-0.7793,,"SUSC-20 v12 (Firth, n=269, LOO-AUC=0.6781 documentado em SUSC-20C)",recife
NOVONEG_V9_BAIRRO_011,0,0.411,0.3258,0.488,rain_decay_index_api_chirps,-0.6441,REC_NEG_00011,"SUSC-20 v12 (Firth, n=269, LOO-AUC=0.6781 documentado em SUSC-20C)",recife
NOVONEG_V9_BAIRRO_012,0,0.4908,0.385,0.5978,rain_decay_index_api_chirps,-0.5635,REC_00299,"SUSC-20 v12 (Firth, n=269, LOO-AUC=0.6781 documentado em SUSC-20C)",recife
NOVONEG_V9_BAIRRO_013,0,0.4032,0.2513,0.5707,rain_decay_index_api_chirps,-0.7704,REC_NEG_00012,"SUSC-20 v12 (Firth, n=269, LOO-AUC=0.6781 documentado em SUSC-20C)",recife
NOVONEG_V9_BAIRRO_014,0,0.4032,0.2513,0.5707,rain_decay_index_api_chirps,-0.7704,REC_NEG_00012,"SUSC-20 v12 (Firth, n=269, LOO-AUC=0.6781 documentado em SUSC-20C)",recife
NOVONEG_V9_BAIRRO_015,0,0.3445,0.2703,0.4103,rain_decay_index_api_chirps,-0.7306,,"SUSC-20 v12 (Firth, n=269, LOO-AUC=0.6781 documentado em SUSC-20C)",recife
NOVONEG_V9_BAIRRO_016,0,0.4135,0.3346,0.4882,rain_decay_index_api_chirps,-0.4184,,"SUSC-20 v12 (Firth, n=269, LOO-AUC=0.6781 documentado em SUSC-20C)",recife
NOVONEG_V9_BAIRRO_017,0,0.3213,0.228,0.4085,rain_decay_index_api_chirps,-0.7634,,"SUSC-20 v12 (Firth, n=269, LOO-AUC=0.6781 documentado em SUSC-20C)",recife
NOVONEG_V9_BAIRRO_018,0,0.2665,0.1826,0.3509,rain_decay_index_api_chirps,-0.7935,,"SUSC-20 v12 (Firth, n=269, LOO-AUC=0.6781 documentado em SUSC-20C)",recife
NOVONEG_V9_BAIRRO_019,0,0.374,0.2679,0.472,rain_decay_index_api_chirps,-0.7996,,"SUSC-20 v12 (Firth, n=269, LOO-AUC=0.6781 documentado em SUSC-20C)",recife
NOVONEG_V9_BAIRRO_020,0,0.3136,0.1698,0.4649,twi_dinf,-0.3327,,"SUSC-20 v12 (Firth, n=269, LOO-AUC=0.6781 documentado em SUSC-20C)",recife
NOVONEG_V9_BAIRRO_021,0,0.6181,0.4722,0.7628,elevation_m,0.4813,REC_NEG_00008,"SUSC-20 v12 (Firth, n=269, LOO-AUC=0.6781 documentado em SUSC-20C)",recife
NOVONEG_V9_BAIRRO_022,0,0.5926,0.458,0.7374,rain_decay_index_api_chirps,0.7186,,"SUSC-20 v12 (Firth, n=269, LOO-AUC=0.6781 documentado em SUSC-20C)",recife
NOVONEG_V9_BAIRRO_023,0,0.5893,0.5141,0.6759,twi_dinf,0.2709,,"SUSC-20 v12 (Firth, n=269, LOO-AUC=0.6781 documentado em SUSC-20C)",recife
NOVONEG_V9_BAIRRO_024,0,0.3123,0.2321,0.3844,rain_decay_index_api_chirps,-0.7036,,"SUSC-20 v12 (Firth, n=269, LOO-AUC=0.6781 documentado em SUSC-20C)",recife
NOVONEG_V9_BAIRRO_025,0,0.5641,0.4651,0.6721,elevation_m,-0.2667,,"SUSC-20 v12 (Firth, n=269, LOO-AUC=0.6781 documentado em SUSC-20C)",recife
NOVONEG_V9_BAIRRO_026,0,0.3856,0.3116,0.4546,rain_decay_index_api_chirps,-0.4617,,"SUSC-20 v12 (Firth, n=269, LOO-AUC=0.6781 documentado em SUSC-20C)",recife
NOVONEG_V9_BAIRRO_027,0,0.5334,0.3708,0.693,slope_deg,-0.3985,,"SUSC-20 v12 (Firth, n=269, LOO-AUC=0.6781 documentado em SUSC-20C)",recife
NOVONEG_V9_BAIRRO_028,0,0.2504,0.1519,0.3455,rain_decay_index_api_chirps,-0.7327,,"SUSC-20 v12 (Firth, n=269, LOO-AUC=0.6781 documentado em SUSC-20C)",recife
NOVONEG_V9_BAIRRO_029,0,0.2653,0.1678,0.3586,rain_decay_index_api_chirps,-0.7031,,"SUSC-20 v12 (Firth, n=269, LOO-AUC=0.6781 documentado em SUSC-20C)",recife
NOVONEG_V9_BAIRRO_030,0,0.3581,0.2629,0.4475,rain_decay_index_api_chirps,-0.6788,,"SUSC-20 v12 (Firth, n=269, LOO-AUC=0.6781 documentado em SUSC-20C)",recife
NOVONEG_V9_BAIRRO_031,0,0.4789,0.3239,0.6334,rain_decay_index_api_chirps,-0.708,REC_00299,"SUSC-20 v12 (Firth, n=269, LOO-AUC=0.6781 documentado em SUSC-20C)",recife
NOVONEG_V9_BAIRRO_032,0,0.5041,0.3706,0.6381,elevation_m,0.4712,,"SUSC-20 v12 (Firth, n=269, LOO-AUC=0.6781 documentado em SUSC-20C)",recife
NOVONEG_V9_BAIRRO_033,0,0.3969,0.3303,0.4561,rain_decay_index_api_chirps,-0.5097,,"SUSC-20 v12 (Firth, n=269, LOO-AUC=0.6781 documentado em SUSC-20C)",recife
NOVONEG_V9_BAIRRO_034,0,0.4869,0.3486,0.6324,rain_decay_index_api_chirps,-0.5487,REC_00276,"SUSC-20 v12 (Firth, n=269, LOO-AUC=0.6781 documentado em SUSC-20C)",recife
NOVONEG_V9_BAIRRO_035,0,0.3297,0.2074,0.4579,rain_decay_index_api_chirps,-0.5229,REC_NEG_00003,"SUSC-20 v12 (Firth, n=269, LOO-AUC=0.6781 documentado em SUSC-20C)",recife
NOVONEG_V9_BAIRRO_036,0,0.3811,0.2849,0.4774,rain_decay_index_api_chirps,-0.5376,,"SUSC-20 v12 (Firth, n=269, LOO-AUC=0.6781 documentado em SUSC-20C)",recife
NOVONEG_V9_BAIRRO_037,0,0.3389,0.2509,0.4176,rain_decay_index_api_chirps,-0.5229,,"SUSC-20 v12 (Firth, n=269, LOO-AUC=0.6781 documentado em SUSC-20C)",recife
NOVONEG_V9_BAIRRO_038,0,0.5221,0.3363,0.7129,elevation_m,0.5973,REC_NEG_00004,"SUSC-20 v12 (Firth, n=269, LOO-AUC=0.6781 documentado em SUSC-20C)",recife
NOVONEG_V9_BAIRRO_039,0,0.3586,0.2654,0.4441,rain_decay_index_api_chirps,-0.5376,REC_00482,"SUSC-20 v12 (Firth, n=269, LOO-AUC=0.6781 documentado em SUSC-20C)",recife
NOVONEG_V9_BAIRRO_040,0,0.7195,0.5064,0.8845,elevation_m,0.518,REC_00322,"SUSC-20 v12 (Firth, n=269, LOO-AUC=0.6781 documentado em SUSC-20C)",recife
NOVONEG_V9_BAIRRO_041,0,0.3218,0.2345,0.4038,rain_decay_index_api_chirps,-0.7066,,"SUSC-20 v12 (Firth, n=269, LOO-AUC=0.6781 documentado em SUSC-20C)",recife
NOVONEG_V9_BAIRRO_042,0,0.4807,0.2758,0.6927,rain_decay_index_api_chirps,-0.4173,REC_00299,"SUSC-20 v12 (Firth, n=269, LOO-AUC=0.6781 documentado em SUSC-20C)",recife
NOVONEG_V9_BAIRRO_043,0,0.6729,0.5117,0.8162,elevation_m,0.4928,REC_00276,"SUSC-20 v12 (Firth, n=269, LOO-AUC=0.6781 documentado em SUSC-20C)",recife
NOVONEG_V9_BAIRRO_044,0,0.3735,0.2978,0.4389,rain_decay_index_api_chirps,-0.6233,REC_00482,"SUSC-20 v12 (Firth, n=269, LOO-AUC=0.6781 documentado em SUSC-20C)",recife
NOVONEG_V9_BAIRRO_045,0,0.5098,0.3348,0.6819,rain_decay_index_api_chirps,-0.4333,,"SUSC-20 v12 (Firth, n=269, LOO-AUC=0.6781 documentado em SUSC-20C)",recife
NOVONEG_V9_BAIRRO_046,0,0.3687,0.2929,0.4354,rain_decay_index_api_chirps,-0.4318,REC_00482,"SUSC-20 v12 (Firth, n=269, LOO-AUC=0.6781 documentado em SUSC-20C)",recife
NOVONEG_V9_BAIRRO_047,0,0.3798,0.2918,0.4653,rain_decay_index_api_chirps,-0.2575,,"SUSC-20 v12 (Firth, n=269, LOO-AUC=0.6781 documentado em SUSC-20C)",recife
NOVONEG_V9_BAIRRO_048,0,0.8369,0.6856,0.9401,rain_decay_index_api_chirps,0.6897,REC_00503,"SUSC-20 v12 (Firth, n=269, LOO-AUC=0.6781 documentado em SUSC-20C)",recife
NOVONEG_V9_BAIRRO_049,0,0.5918,0.4603,0.7238,elevation_m,0.3839,,"SUSC-20 v12 (Firth, n=269, LOO-AUC=0.6781 documentado em SUSC-20C)",recife
NOVONEG_V9_BAIRRO_050,0,0.4491,0.3475,0.5549,rain_decay_index_api_chirps,-0.5454,,"SUSC-20 v12 (Firth, n=269, LOO-AUC=0.6781 documentado em SUSC-20C)",recife
NOVONEG_V9_BAIRRO_051,0,0.3777,0.2763,0.4714,rain_decay_index_api_chirps,-0.6517,REC_NEG_00002,"SUSC-20 v12 (Firth, n=269, LOO-AUC=0.6781 documentado em SUSC-20C)",recife
NOVONEG_V9_BAIRRO_052,0,0.4972,0.4452,0.553,rain_decay_index_api_chirps,-0.2449,,"SUSC-20 v12 (Firth, n=269, LOO-AUC=0.6781 documentado em SUSC-20C)",recife
NOVONEG_V9_BAIRRO_053,0,0.5857,0.4719,0.7084,rain_decay_index_api_chirps,0.3802,,"SUSC-20 v12 (Firth, n=269, LOO-AUC=0.6781 documentado em SUSC-20C)",recife
NOVONEG_V9_BAIRRO_054,0,0.5356,0.3831,0.696,rain_decay_index_api_chirps,-0.6678,,"SUSC-20 v12 (Firth, n=269, LOO-AUC=0.6781 documentado em SUSC-20C)",recife
NOVONEG_V9_BAIRRO_055,0,0.528,0.4293,0.637,elevation_m,-0.2243,,"SUSC-20 v12 (Firth, n=269, LOO-AUC=0.6781 documentado em SUSC-20C)",recife
NOVONEG_V9_BAIRRO_056,0,0.3811,0.3032,0.4554,rain_decay_index_api_chirps,-0.5018,,"SUSC-20 v12 (Firth, n=269, LOO-AUC=0.6781 documentado em SUSC-20C)",recife
NOVONEG_V9_BAIRRO_057,0,0.3578,0.262,0.4453,rain_decay_index_api_chirps,-0.4463,,"SUSC-20 v12 (Firth, n=269, LOO-AUC=0.6781 documentado em SUSC-20C)",recife
NOVONEG_V9_BAIRRO_058,0,0.7333,0.4767,0.9124,twi_dinf,1.2082,,"SUSC-20 v12 (Firth, n=269, LOO-AUC=0.6781 documentado em SUSC-20C)",recife
NOVONEG_V9_BAIRRO_059,0,0.4259,0.2332,0.6324,twi_dinf,0.4061,REC_NEG_00006,"SUSC-20 v12 (Firth, n=269, LOO-AUC=0.6781 documentado em SUSC-20C)",recife
NOVONEG_V9_BAIRRO_060,0,0.6878,0.4824,0.8529,elevation_m,0.4809,REC_NEG_00012,"SUSC-20 v12 (Firth, n=269, LOO-AUC=0.6781 documentado em SUSC-20C)",recife
NOVONEG_V9_BAIRRO_061,0,0.3441,0.2534,0.4207,rain_decay_index_api_chirps,-0.5038,,"SUSC-20 v12 (Firth, n=269, LOO-AUC=0.6781 documentado em SUSC-20C)",recife
NOVONEG_V9_BAIRRO_062,0,0.4811,0.3979,0.5739,rain_decay_index_api_chirps,-0.6205,REC_00482,"SUSC-20 v12 (Firth, n=269, LOO-AUC=0.6781 documentado em SUSC-20C)",recife
NOVONEG_V9_BAIRRO_063,0,0.4359,0.3687,0.4993,rain_decay_index_api_chirps,-0.5829,,"SUSC-20 v12 (Firth, n=269, LOO-AUC=0.6781 documentado em SUSC-20C)",recife
NOVONEG_V9_BAIRRO_064,0,0.5314,0.4504,0.617,rain_decay_index_api_chirps,-0.3862,,"SUSC-20 v12 (Firth, n=269, LOO-AUC=0.6781 documentado em SUSC-20C)",recife
NOVONEG_V9_BAIRRO_065,0,0.7709,0.5533,0.92,rain_decay_index_api_chirps,1.6784,,"SUSC-20 v12 (Firth, n=269, LOO-AUC=0.6781 documentado em SUSC-20C)",recife
NOVONEG_V9_BAIRRO_066,0,0.4448,0.3696,0.5273,rain_decay_index_api_chirps,-0.2164,,"SUSC-20 v12 (Firth, n=269, LOO-AUC=0.6781 documentado em SUSC-20C)",recife
NOVONEG_V9_BAIRRO_067,0,0.4311,0.3439,0.5168,rain_decay_index_api_chirps,-0.5557,,"SUSC-20 v12 (Firth, n=269, LOO-AUC=0.6781 documentado em SUSC-20C)",recife
NOVONEG_V9_BAIRRO_068,0,0.4311,0.3439,0.5168,rain_decay_index_api_chirps,-0.5557,,"SUSC-20 v12 (Firth, n=269, LOO-AUC=0.6781 documentado em SUSC-20C)",recife
NOVONEG_V9_BAIRRO_069,0,0.6223,0.4543,0.7811,twi_dinf,0.6835,,"SUSC-20 v12 (Firth, n=269, LOO-AUC=0.6781 documentado em SUSC-20C)",recife
NOVONEG_V9_BAIRRO_070,0,0.6923,0.5951,0.8035,rain_decay_index_api_chirps,0.7148,,"SUSC-20 v12 (Firth, n=269, LOO-AUC=0.6781 documentado em SUSC-20C)",recife
NOVONEG_V9_BAIRRO_071,0,0.4993,0.3749,0.6361,rain_decay_index_api_chirps,-0.7242,,"SUSC-20 v12 (Firth, n=269, LOO-AUC=0.6781 documentado em SUSC-20C)",recife
NOVONEG_V9_BAIRRO_072,0,0.3167,0.1922,0.4366,rain_decay_index_api_chirps,-0.3185,,"SUSC-20 v12 (Firth, n=269, LOO-AUC=0.6781 documentado em SUSC-20C)",recife
NOVONEG_V9_BAIRRO_073,0,0.4229,0.2789,0.5765,rain_decay_index_api_chirps,-0.46,REC_00276,"SUSC-20 v12 (Firth, n=269, LOO-AUC=0.6781 documentado em SUSC-20C)",recife
NOVONEG_V9_BAIRRO_074,0,0.5007,0.4151,0.5883,rain_decay_index_api_chirps,-0.2643,,"SUSC-20 v12 (Firth, n=269, LOO-AUC=0.6781 documentado em SUSC-20C)",recife
NOVONEG_V9_BAIRRO_075,0,0.3707,0.288,0.4478,rain_decay_index_api_chirps,-0.4537,,"SUSC-20 v12 (Firth, n=269, LOO-AUC=0.6781 documentado em SUSC-20C)",recife
NOVONEG_V9_BAIRRO_076,0,0.4928,0.3669,0.6281,rain_decay_index_api_chirps,-0.623,,"SUSC-20 v12 (Firth, n=269, LOO-AUC=0.6781 documentado em SUSC-20C)",recife
NOVONEG_V9_BAIRRO_077,0,0.4934,0.4008,0.5949,rain_decay_index_api_chirps,-0.5697,,"SUSC-20 v12 (Firth, n=269, LOO-AUC=0.6781 documentado em SUSC-20C)",recife
NOVONEG_V9_BAIRRO_078,0,0.6682,0.5451,0.8005,rain_decay_index_api_chirps,0.5582,,"SUSC-20 v12 (Firth, n=269, LOO-AUC=0.6781 documentado em SUSC-20C)",recife
NOVONEG_V9_BAIRRO_079,0,0.7436,0.6353,0.8564,rain_decay_index_api_chirps,1.1478,REC_00482,"SUSC-20 v12 (Firth, n=269, LOO-AUC=0.6781 documentado em SUSC-20C)",recife
NOVONEG_V9_BAIRRO_080,0,0.2745,0.1786,0.3666,rain_decay_index_api_chirps,-0.6232,,"SUSC-20 v12 (Firth, n=269, LOO-AUC=0.6781 documentado em SUSC-20C)",recife
NOVONEG_V9_BAIRRO_081,0,0.5003,0.3912,0.6138,elevation_m,-0.2633,,"SUSC-20 v12 (Firth, n=269, LOO-AUC=0.6781 documentado em SUSC-20C)",recife
NOVONEG_V9_BAIRRO_082,0,0.2599,0.0322,0.7339,slope_deg,-1.113,,"SUSC-20 v12 (Firth, n=269, LOO-AUC=0.6781 documentado em SUSC-20C)",recife
NOVONEG_V9_BAIRRO_083,0,0.3869,0.2596,0.5222,rain_decay_index_api_chirps,-0.6067,,"SUSC-20 v12 (Firth, n=269, LOO-AUC=0.6781 documentado em SUSC-20C)",recife
NOVONEG_V9_BAIRRO_084,0,0.3685,0.2438,0.4846,rain_decay_index_api_chirps,-0.7179,REC_NEG_00007,"SUSC-20 v12 (Firth, n=269, LOO-AUC=0.6781 documentado em SUSC-20C)",recife
NOVONEG_V9_BAIRRO_085,0,0.5604,0.4188,0.71,twi_dinf,-0.3226,REC_00505,"SUSC-20 v12 (Firth, n=269, LOO-AUC=0.6781 documentado em SUSC-20C)",recife
NOVONEG_V9_BAIRRO_086,0,0.324,0.2362,0.4082,rain_decay_index_api_chirps,-0.5368,,"SUSC-20 v12 (Firth, n=269, LOO-AUC=0.6781 documentado em SUSC-20C)",recife
NOVONEG_V9_BAIRRO_087,0,0.7088,0.5254,0.8555,elevation_m,0.52,,"SUSC-20 v12 (Firth, n=269, LOO-AUC=0.6781 documentado em SUSC-20C)",recife
LEADA_2022_0001,1,0.9027,0.8002,0.9667,rain_decay_index_api_chirps,1.5895,,"SUSC-20 v12 (Firth, n=269, LOO-AUC=0.6781 documentado em SUSC-20C)",recife
LEADA_2022_0002,1,0.855,0.7191,0.9539,rain_decay_index_api_chirps,1.7669,,"SUSC-20 v12 (Firth, n=269, LOO-AUC=0.6781 documentado em SUSC-20C)",recife
LEADA_2022_0003,1,0.9537,0.8718,0.9892,rain_decay_index_api_chirps,1.7826,,"SUSC-20 v12 (Firth, n=269, LOO-AUC=0.6781 documentado em SUSC-20C)",recife
LEADA_2022_0004,1,0.8663,0.7639,0.944,rain_decay_index_api_chirps,1.7669,REC_NEG_00012,"SUSC-20 v12 (Firth, n=269, LOO-AUC=0.6781 documentado em SUSC-20C)",recife
LEADA_2022_0005,1,0.8771,0.7739,0.9515,rain_decay_index_api_chirps,1.784,,"SUSC-20 v12 (Firth, n=269, LOO-AUC=0.6781 documentado em SUSC-20C)",recife
LEADA_2022_0006,1,0.8578,0.7505,0.9436,rain_decay_index_api_chirps,1.784,,"SUSC-20 v12 (Firth, n=269, LOO-AUC=0.6781 documentado em SUSC-20C)",recife
LEADA_2022_0007,1,0.861,0.7543,0.9454,rain_decay_index_api_chirps,1.784,,"SUSC-20 v12 (Firth, n=269, LOO-AUC=0.6781 documentado em SUSC-20C)",recife
LEADA_2022_0008,1,0.8878,0.7758,0.962,rain_decay_index_api_chirps,1.7669,,"SUSC-20 v12 (Firth, n=269, LOO-AUC=0.6781 documentado em SUSC-20C)",recife
LEADC_2008_0001,1,0.5928,0.503,0.7012,elevation_m,-0.2594,,"SUSC-20 v12 (Firth, n=269, LOO-AUC=0.6781 documentado em SUSC-20C)",recife
