point_id,region,label,lat,lon,event_date,neighborhood,negative_source_type,elevation_m,slope_deg,hand_m_dinf,twi_dinf,rain_max_24h_chirps,rain_decay_index_api_chirps,mapbiomas_class_2023,rain_data_source,dataset_role_source,rain_peak_residual_orthogonalized,sar_delta_vv_db_INFORMATIONAL_NOT_MODELED,sar_delta_vh_db_INFORMATIONAL_NOT_MODELED,same_scene_ambiguous,before_gap_days,after_gap_days
recife_pos_0001_9a396f3546d1ac60,Recife,1,-8.0862852,-34.968078,2014-04-07,Coqueiral,flood_positive,56.72999954223633,7.183388233184815,34.61915397380051,5.93940019607544,33.08,56.917,24,chirps_v2.0_gauge_satellite_blend,v4_canonical_base,-35.40420115515829,,,,,
recife_pos_0002_7f6c3f73c2811fe4,Recife,1,-7.9949474,-34.9323028,2014-04-02,Guabiraba,flood_positive,45.37018966674805,19.965030670166016,23.570232390622444,5.512727737426758,0.0,0.0,24,chirps_v2.0_gauge_satellite_blend,v4_canonical_base,-18.344754329836327,,,,,
recife_pos_0006_3d2490466fc995f4,Recife,1,-8.0234573,-34.8954024,2014-02-15,Agua Fria,flood_positive,5.446042537689209,0.443842351436615,0.4891276356708189,9.1019868850708,0.0,0.0,24,chirps_v2.0_gauge_satellite_blend,v4_canonical_base,-18.344754329836327,,,,,
recife_pos_0008_1a802ef47537a049,Recife,1,-8.1133219,-34.9456446,2014-01-03,Cohab,flood_positive,22.338001251220703,17.57997703552246,4.950437545761368,4.646263599395752,73.95,10.963,24,chirps_v2.0_gauge_satellite_blend,v4_canonical_base,45.94769598296996,,,,,
recife_pos_0009_e9c909e584fa17e3,Recife,1,-8.1386234,-34.9453491,2014-01-15,Jordao,flood_positive,40.40740966796875,6.622044563293457,19.431251525848907,5.59382438659668,68.85,18.762,30,chirps_v2.0_gauge_satellite_blend,v4_canonical_base,33.977384023613595,,,,,
recife_pos_0010_f9d5cbc9fb0bcef1,Recife,1,-8.1183956,-34.9445109,2014-07-11,Cohab,flood_positive,52.26018905639648,15.660914421081545,21.699859619140625,3.0651447772979736,24.89,30.168,24,chirps_v2.0_gauge_satellite_blend,v4_canonical_base,-20.030414182363913,,,,,
recife_pos_0011_1c228d6375cb94c1,Recife,1,-8.1097304,-34.936031,2014-07-13,Ibura,flood_positive,4.026588439941406,2.6550254821777344,5.210067271016314,3.8612077236175537,24.89,44.1,24,chirps_v2.0_gauge_satellite_blend,v4_canonical_base,-32.30342177535697,,,,,
recife_pos_0012_5edfe04e06bfabb2,Recife,1,-7.9977058,-34.9336782,2014-07-10,Nova Descoberta,flood_positive,82.68400573730469,10.404899597167969,45.34495925901821,6.236878395080566,343.95,81.727,24,chirps_v2.0_gauge_satellite_blend,v4_canonical_base,253.61011994862022,,,,,
recife_pos_0013_febbd6dcacd4ad78,Recife,1,-7.9977058,-34.9336782,2014-07-04,Nova Descoberta,flood_positive,82.68400573730469,10.404899597167969,45.34495925901821,6.236878395080566,343.95,139.702,24,chirps_v2.0_gauge_satellite_blend,v4_canonical_base,202.5386574734715,,,,,
recife_pos_0015_6f6ebfc739c9bbe2,Recife,1,-8.0050731,-34.9020178,2014-06-26,Linha do Tiro,flood_positive,7.869999885559082,7.757662773132324,1.1891012183222711,5.096497058868408,0.0,0.0,24,chirps_v2.0_gauge_satellite_blend,v4_canonical_base,-18.344754329836327,,,,,
recife_pos_0016_32e0195748b0dd4f,Recife,1,-8.1168117,-34.9293051,2014-06-27,Ibura de Baixo,flood_positive,4.669944286346436,2.746679306030273,0.0,13.27151870727539,301.67,301.674,24,chirps_v2.0_gauge_satellite_blend,v4_canonical_base,17.573932677873586,,,,,
recife_pos_0018_52bc8a1a5a9187f4,Recife,1,-7.9849093,-34.9302439,2014-05-05,Passarinho,flood_positive,67.02723693847656,7.323037147521973,41.6317081451266,5.438066005706787,148.24,99.305,24,chirps_v2.0_gauge_satellite_blend,v4_canonical_base,42.41527014459842,,,,,
recife_pos_0021_c0e3297b513fdf45,Recife,1,-8.0848823,-34.9408472,2014-03-17,Jardim Sao Paulo,flood_positive,3.3348817825317383,10.874268531799316,1.4999557151895715e-10,5.776663780212402,82.24,119.053,24,chirps_v2.0_gauge_satellite_blend,v4_canonical_base,-40.98118075594901,,,,,
recife_pos_0022_b31d617723aaf89a,Recife,1,-7.9994073,-34.9329387,2014-03-12,Nova Descoberta,flood_positive,29.959999084472656,4.605841159820557,1.1999645721516572e-10,10.7510404586792,89.28,17.577,24,chirps_v2.0_gauge_satellite_blend,v4_canonical_base,55.45127678830616,,,,,
recife_pos_0023_bb7a5cd87b32e781,Recife,1,-8.114012,-34.9562794,2014-11-13,Cohab,flood_positive,85.73991394042969,4.299385070800781,65.96593475341797,4.555095672607422,10.16,5.459,24,chirps_v2.0_gauge_satellite_blend,v4_canonical_base,-12.99370842473649,,,,,
recife_pos_0024_9ab3107981ca5989,Recife,1,-8.1094077,-34.9519247,2014-10-21,Barro,flood_positive,59.40999984741211,2.145036220550537,27.99995231623918,8.793198585510254,12.82,12.289,24,chirps_v2.0_gauge_satellite_blend,v4_canonical_base,-16.35040680688855,,,,,
recife_pos_0025_37a0e076d0a8e596,Recife,1,-8.0331528,-34.9795751,2014-09-08,Varzea,flood_positive,65.29283142089844,23.069381713867188,14.024215698212188,5.535146713256836,49.34,42.503,24,chirps_v2.0_gauge_satellite_blend,v4_canonical_base,-6.44658907897383,,,,,
recife_pos_0026_5c4d8f987d734132,Recife,1,-8.033077,-34.9760145,2014-09-15,Varzea,flood_positive,61.09452819824219,19.500072479248047,18.61122512730385,4.474197864532471,49.34,38.939,24,chirps_v2.0_gauge_satellite_blend,v4_canonical_base,-3.306982485417464,,,,,
recife_pos_0027_c9c24a08059591b7,Recife,1,-8.1162699,-34.9574739,2016-04-19,Cohab,flood_positive,48.75,9.81467342376709,26.409114837646484,4.389133453369141,189.59,169.211,24,chirps_v2.0_gauge_satellite_blend,v4_canonical_base,22.18352532721599,,,,,
recife_pos_0028_1bde9db481bb5afd,Recife,1,-8.0258643,-34.9573674,2016-04-18,Caxanga,flood_positive,5.565927982330322,2.719221353530884,6.873142717513851,3.823070287704468,148.44,204.305,24,chirps_v2.0_gauge_satellite_blend,v4_canonical_base,-49.881557106641196,,,,,
recife_pos_0029_13ebba4d732dc2f6,Recife,1,-8.0078418,-34.9050969,2016-04-17,Linha do Tiro,flood_positive,9.359376907348633,7.785773277282715,4.4998671455687145e-11,4.42334508895874,183.87,246.642,24,chirps_v2.0_gauge_satellite_blend,v4_canonical_base,-51.7471587765053,,,,,
recife_pos_0030_662f36478effdd85,Recife,1,-7.9848349,-34.9271265,2016-04-07,Passarinho,flood_positive,32.91780471801758,10.789239883422852,1.8259716033785551,10.45182991027832,52.72,31.268,24,chirps_v2.0_gauge_satellite_blend,v4_canonical_base,6.830571436908812,,,,,
recife_pos_0031_ba8fd2c0b40036a0,Recife,1,-8.1059602,-34.9508332,2016-04-06,Barro,flood_positive,60.22999954223633,10.868072509765623,28.39333724969586,5.107052803039551,57.95,31.142,24,chirps_v2.0_gauge_satellite_blend,v4_canonical_base,12.171567629610301,,,,,
recife_pos_0032_0298185ab926de6d,Recife,1,-8.0374808,-34.9795949,2016-04-08,Varzea,flood_positive,68.97601318359375,25.732872009277344,16.929901122971877,3.512240409851074,76.49,32.653,24,chirps_v2.0_gauge_satellite_blend,v4_canonical_base,29.380494239356736,,,,,
recife_pos_0033_8027d8787a018eb5,Recife,1,-8.1104565,-34.9551992,2016-04-09,Barro,flood_positive,70.49903106689453,3.7568304538726807,27.597591400131485,4.546291828155518,57.95,19.125,24,chirps_v2.0_gauge_satellite_blend,v4_canonical_base,22.7576092779736,,,,,
recife_pos_0034_e5e769e1003d6722,Recife,1,-8.0118695,-34.9037084,2016-02-18,Agua Fria,flood_positive,50.51121520996094,29.14853477478028,20.230001449509963,5.673383712768555,4.94,0.598,24,chirps_v2.0_gauge_satellite_blend,v4_canonical_base,-13.931545784086243,,,,,
recife_pos_0035_592806860e16a38f,Recife,1,-8.1104718,-34.9468528,2016-01-19,Barro,flood_positive,34.8101806640625,7.10259485244751,15.715742111191055,8.280338287353516,19.79,26.794,24,chirps_v2.0_gauge_satellite_blend,v4_canonical_base,-22.158182800024086,,,,,
recife_pos_0036_fd3424632dbc1973,Recife,1,-8.0857109,-34.9694038,2016-05-16,Coqueiral,flood_positive,30.277734756469727,2.4158425331115723,14.092393872302154,7.843682289123535,186.82,79.037,24,chirps_v2.0_gauge_satellite_blend,v4_canonical_base,98.84980057058056,,,,,
recife_pos_0037_b9a7783691b618f1,Recife,1,-8.0033413,-34.9091335,2016-05-04,Dois Unidos,flood_positive,31.744659423828125,7.979254722595215,18.136436462312343,8.347729682922363,87.55,106.048,24,chirps_v2.0_gauge_satellite_blend,v4_canonical_base,-24.21478800925975,,,,,
recife_pos_0038_1c65794363493d91,Recife,1,-8.1177701,-34.9574552,2016-05-04,Cohab,flood_positive,28.009992599487305,8.977012634277344,12.560253143235547,5.600066661834717,76.29,92.405,24,chirps_v2.0_gauge_satellite_blend,v4_canonical_base,-23.456366921748682,,,,,
recife_pos_0039_50eb42c2cd9e2116,Recife,1,-8.0807906,-34.9696671,2016-05-30,Toto,flood_positive,21.60906410217285,10.979939460754396,2.6614036556908687,9.531868934631348,47.67,21.152,24,chirps_v2.0_gauge_satellite_blend,v4_canonical_base,10.691980050942526,,,,,
recife_pos_0040_d920025d9486b889,Recife,1,-8.0000965,-34.914019,2016-03-28,Dois Unidos,flood_positive,71.52531433105469,4.107792377471924,48.19378089903285,4.482188701629639,90.27,24.742,24,chirps_v2.0_gauge_satellite_blend,v4_canonical_base,50.12946948111443,,,,,
recife_pos_0041_4e7cf73adc60deca,Recife,1,-8.0331528,-34.9795751,2016-03-28,Varzea,flood_positive,65.29283142089844,23.069381713867188,14.024215698212188,5.535146713256836,117.83,23.197,24,chirps_v2.0_gauge_satellite_blend,v4_canonical_base,79.0504942249541,,,,,
recife_pos_0042_c0004f4761d96a0b,Recife,1,-7.9956833,-34.9335683,2016-03-29,Guabiraba,flood_positive,56.84000015258789,16.212209701538086,24.486333846475915,7.390382289886475,113.7,19.028,24,chirps_v2.0_gauge_satellite_blend,v4_canonical_base,78.59305872791046,,,,,
recife_pos_0043_5e6c3c4de30e37ff,Recife,1,-8.1245835,-34.9578348,2016-11-01,Cohab,flood_positive,71.72000122070312,8.4273042678833,50.95760536190848,3.911851167678833,5.1,3.035,24,chirps_v2.0_gauge_satellite_blend,v4_canonical_base,-15.918353098479303,1.6629999999999998,1.0,False,0.0,11.0
recife_pos_0044_6b45d44b02113e2f,Recife,1,-8.1104718,-34.9468528,2016-11-04,Barro,flood_positive,34.8101806640625,7.10259485244751,15.715742111191055,8.280338287353516,27.89,3.968,24,chirps_v2.0_gauge_satellite_blend,v4_canonical_base,6.049746522231114,-2.6660000000000004,3.0589999999999997,False,3.0,8.0
recife_pos_0045_83c3be86149bdc34,Recife,1,-8.1245835,-34.9578348,2016-10-10,Cohab,flood_positive,71.72000122070312,8.4273042678833,50.95760536190848,3.911851167678833,7.61,4.163,24,chirps_v2.0_gauge_satellite_blend,v4_canonical_base,-14.402033299806906,5.881,1.995000000000001,False,2.0,9.0
recife_pos_0046_26839cd709cb8be8,Recife,1,-8.1247713,-34.9562822,2016-09-29,Cohab,flood_positive,35.370391845703125,3.3818275928497314,13.560998916625977,5.16422176361084,0.0,0.0,24,chirps_v2.0_gauge_satellite_blend,v4_canonical_base,-18.344754329836327,-0.7219999999999995,2.3439999999999994,False,3.0,8.0
recife_pos_0047_f74cb100c8bc7c33,Recife,1,-8.1247713,-34.9562822,2016-09-21,Cohab,flood_positive,35.370391845703125,3.3818275928497314,13.560998916625977,5.16422176361084,11.49,4.101,24,chirps_v2.0_gauge_satellite_blend,v4_canonical_base,-10.467416125620458,,,,,
recife_pos_0048_957808f8833c94f3,Recife,1,-8.0811035,-34.931462,2017-04-19,Estancia,flood_positive,2.8500001430511475,6.696126937866211,1.1999645721516572e-10,12.093689918518066,127.38,110.18,24,chirps_v2.0_gauge_satellite_blend,v4_canonical_base,11.97524160786287,-6.282000000000001,-5.07,False,1.0,5.0
recife_pos_0049_659fc92ff70d2e69,Recife,1,-8.0811035,-34.931462,2017-04-19,Estancia,flood_positive,2.8500001430511475,6.696126937866211,1.1999645721516572e-10,12.093689918518066,127.38,110.18,24,chirps_v2.0_gauge_satellite_blend,v4_canonical_base,11.97524160786287,-6.282000000000001,-5.07,False,1.0,5.0
recife_pos_0050_9256af1db5016a09,Recife,1,-8.0798451,-34.9308743,2017-04-19,Estancia,flood_positive,2.746000051498413,8.274408340454102,4.376442908115756,3.364346504211426,127.38,110.18,24,chirps_v2.0_gauge_satellite_blend,v4_canonical_base,11.97524160786287,-11.434,-8.437000000000001,False,1.0,5.0
recife_pos_0051_26c6f63829a2b8c2,Recife,1,-8.0817179,-34.9319421,2017-04-19,Estancia,flood_positive,4.471898078918457,8.21072769165039,1.181049346893829,5.485251903533936,127.38,110.18,24,chirps_v2.0_gauge_satellite_blend,v4_canonical_base,11.97524160786287,-1.1319999999999997,3.35,False,1.0,5.0
recife_pos_0052_8071684f1b0cb194,Recife,1,-8.0817179,-34.9319421,2017-04-19,Estancia,flood_positive,4.471898078918457,8.21072769165039,1.181049346893829,5.485251903533936,127.38,110.18,24,chirps_v2.0_gauge_satellite_blend,v4_canonical_base,11.97524160786287,-1.1319999999999997,3.35,False,1.0,5.0
recife_pos_0053_6608fb4e5fd63dab,Recife,1,-8.115987,-34.9315891,2017-04-19,Ibura,flood_positive,3.260000228881836,4.791803359985352,2.5499247158222715e-10,6.656229496002197,89.35,77.288,24,chirps_v2.0_gauge_satellite_blend,v4_canonical_base,2.9205334359369317,-0.641,-2.6819999999999986,False,1.0,5.0
recife_pos_0054_e852abcc060243a1,Recife,1,-8.020977,-34.8997112,2017-08-28,Bomba do Hemeterio,flood_positive,9.10951805114746,4.811941623687744,2.0733900068240487,9.021541595458984,18.29,52.615,24,chirps_v2.0_gauge_satellite_blend,v4_canonical_base,-46.404474004350355,4.13,-4.786999999999999,False,0.0,6.0
recife_pos_0055_11d0113fe281a9fc,Recife,1,-8.0857109,-34.9694038,2017-08-10,Coqueiral,flood_positive,30.277734756469727,2.4158425331115723,14.092393872302154,7.843682289123535,32.39,12.654,24,chirps_v2.0_gauge_satellite_blend,v4_canonical_base,2.8980566031428516,,,,,
recife_pos_0056_78b7c72a4107dfa1,Recife,1,-8.0076771,-34.9014075,2017-12-21,Linha do Tiro,flood_positive,16.5,3.291257619857788,15.73000049505567,4.158614635467529,25.3,36.048,24,chirps_v2.0_gauge_satellite_blend,v4_canonical_base,-24.80023650843334,-9.336,0.7330000000000005,False,0.0,4.0
recife_pos_0057_e9802b5e8fdd3615,Recife,1,-8.014689,-34.903903,2017-12-19,Agua Fria,flood_positive,60.970001220703125,9.076993942260742,50.179999351501465,3.1903090476989746,0.0,0.0,24,chirps_v2.0_gauge_satellite_blend,v4_canonical_base,-18.344754329836327,-7.209,-6.783,False,5.0,1.0
recife_pos_0058_929c225bb529daec,Recife,1,-8.0076771,-34.9014075,2017-12-28,Linha do Tiro,flood_positive,16.5,3.291257619857788,15.73000049505567,4.158614635467529,25.3,11.556,24,chirps_v2.0_gauge_satellite_blend,v4_canonical_base,-3.2246908604584696,6.34,2.545,False,2.0,4.0
recife_pos_0059_d9b4be6cee9c9808,Recife,1,-8.1080849,-34.9502426,2017-12-05,Barro,flood_positive,61.65221786499024,2.513906478881836,30.837697982773086,5.6439361572265625,9.66,3.519,24,chirps_v2.0_gauge_satellite_blend,v4_canonical_base,-11.784719425999302,-1.072,-0.1799999999999997,False,3.0,3.0
recife_pos_0060_50652a81597b6513,Recife,1,-8.0142577,-34.9014163,2017-07-21,Agua Fria,flood_positive,33.13999938964844,9.890944480895996,16.19999885559082,7.658968448638916,39.42,75.13,24,chirps_v2.0_gauge_satellite_blend,v4_canonical_base,-45.10843653350902,-4.275,3.103999999999999,False,3.0,1.0
recife_pos_0061_5bf1b92ed537658c,Recife,1,-8.031127,-34.9737883,2017-06-01,Varzea,flood_positive,84.68000030517578,10.6095552444458,35.240406035926966,4.961742877960205,106.92,154.153,24,chirps_v2.0_gauge_satellite_blend,v4_canonical_base,-47.22154872279195,8.535,4.878,False,1.0,3.0
recife_pos_0062_ae79f745ee4db389,Recife,1,-8.0185717,-34.9287443,2017-06-21,Macaxeira,flood_positive,9.824999809265137,6.544663429260254,1.2433614730384974,7.829966068267822,25.58,36.039,24,chirps_v2.0_gauge_satellite_blend,v4_canonical_base,-24.512308208954664,-5.707,-2.0280000000000022,False,4.0,2.0
recife_pos_0063_f09b1138c2b96609,Recife,1,-8.0185717,-34.9287443,2017-06-21,Macaxeira,flood_positive,9.824999809265137,6.544663429260254,1.2433614730384974,7.829966068267822,25.58,36.039,24,chirps_v2.0_gauge_satellite_blend,v4_canonical_base,-24.512308208954664,-5.707,-2.0280000000000022,False,4.0,2.0
recife_pos_0064_ca0a6d0ec1091c25,Recife,1,-8.0185717,-34.9287443,2017-06-21,Macaxeira,flood_positive,9.824999809265137,6.544663429260254,1.2433614730384974,7.829966068267822,25.58,36.039,24,chirps_v2.0_gauge_satellite_blend,v4_canonical_base,-24.512308208954664,-5.707,-2.0280000000000022,False,4.0,2.0
recife_pos_0065_d15634367b6279f3,Recife,1,-8.0015914,-34.9096785,2017-06-15,Dois Unidos,flood_positive,63.61020278930664,4.539374828338623,42.306901931747696,4.922844886779785,16.45,15.701,24,chirps_v2.0_gauge_satellite_blend,v4_canonical_base,-15.72611323147169,6.739,4.780999999999999,False,3.0,1.0
recife_pos_0066_6eade3f53459865c,Recife,1,-8.1148679,-34.9386749,2017-05-10,Ibura,flood_positive,7.316878318786621,4.563620090484619,3.58589935281735,4.554140567779541,59.29,30.888,24,chirps_v2.0_gauge_satellite_blend,v4_canonical_base,13.735321859341866,1.6720000000000002,-2.180999999999999,False,3.0,1.0
recife_pos_0067_1a25d17fadf89cfb,Recife,1,-8.1154602,-34.9394324,2017-05-10,Ibura,flood_positive,7.260005950927734,3.878971338272095,0.0,15.402257919311523,59.29,30.888,24,chirps_v2.0_gauge_satellite_blend,v4_canonical_base,13.735321859341866,1.093,-2.542,False,3.0,1.0
recife_pos_0068_5d18070be7cab26d,Recife,1,-8.1154602,-34.9394324,2017-05-10,Ibura,flood_positive,7.260005950927734,3.878971338272095,0.0,15.402257919311523,59.29,30.888,24,chirps_v2.0_gauge_satellite_blend,v4_canonical_base,13.735321859341866,1.093,-2.542,False,3.0,1.0
recife_pos_0069_02bb789d97103be9,Recife,1,-8.1154602,-34.9394324,2017-05-10,Ibura,flood_positive,7.260005950927734,3.878971338272095,0.0,15.402257919311523,59.29,30.888,24,chirps_v2.0_gauge_satellite_blend,v4_canonical_base,13.735321859341866,1.093,-2.542,False,3.0,1.0
recife_pos_0070_5945447cda68be08,Recife,1,-8.1148679,-34.9386749,2017-05-10,Ibura,flood_positive,7.316878318786621,4.563620090484619,3.58589935281735,4.554140567779541,59.29,30.888,24,chirps_v2.0_gauge_satellite_blend,v4_canonical_base,13.735321859341866,1.6720000000000002,-2.180999999999999,False,3.0,1.0
recife_pos_0071_aa5a520fcd41b871,Recife,1,-8.1179919,-34.9399469,2017-05-17,Ibura,flood_positive,10.789999961853027,4.726310253143311,8.070927143051925,10.883459091186523,0.0,0.0,24,chirps_v2.0_gauge_satellite_blend,v4_canonical_base,-18.344754329836327,-6.134000000000001,0.4730000000000007,False,5.0,1.0
recife_pos_0072_bc6b43020b5f4a4d,Recife,1,-8.1179919,-34.9399469,2017-05-17,Ibura,flood_positive,10.789999961853027,4.726310253143311,8.070927143051925,10.883459091186523,0.0,0.0,24,chirps_v2.0_gauge_satellite_blend,v4_canonical_base,-18.344754329836327,-6.134000000000001,0.4730000000000007,False,5.0,1.0
recife_pos_0073_c100e8d644f0a6fe,Recife,1,-8.1159177,-34.9395875,2017-05-17,Ibura,flood_positive,6.605367183685303,1.8422425985336304,0.8894433975669713,5.03879976272583,0.0,0.0,24,chirps_v2.0_gauge_satellite_blend,v4_canonical_base,-18.344754329836327,2.0250000000000004,-4.302000000000001,False,5.0,1.0
recife_pos_0074_2236347bebf430ea,Recife,1,-8.1179919,-34.9399469,2017-05-17,Ibura,flood_positive,10.789999961853027,4.726310253143311,8.070927143051925,10.883459091186523,0.0,0.0,24,chirps_v2.0_gauge_satellite_blend,v4_canonical_base,-18.344754329836327,-6.134000000000001,0.4730000000000007,False,5.0,1.0
recife_pos_0075_c0ab4c7085725049,Recife,1,-8.1179919,-34.9399469,2017-05-17,Ibura,flood_positive,10.789999961853027,4.726310253143311,8.070927143051925,10.883459091186523,0.0,0.0,24,chirps_v2.0_gauge_satellite_blend,v4_canonical_base,-18.344754329836327,-6.134000000000001,0.4730000000000007,False,5.0,1.0
recife_pos_0076_49f1adac3c63301f,Recife,1,-8.0088893,-34.8991254,2017-11-16,Linha do Tiro,flood_positive,52.74500274658203,29.149873733520508,48.06846237182617,5.307929515838623,0.0,0.0,24,chirps_v2.0_gauge_satellite_blend,v4_canonical_base,-18.344754329836327,-1.434000000000001,11.812,False,1.0,3.0
recife_pos_0077_c007ea6d88ccaf22,Recife,1,-8.1080849,-34.9502426,2017-09-26,Barro,flood_positive,61.65221786499024,2.513906478881836,30.837697982773086,5.6439361572265625,6.48,5.117,24,chirps_v2.0_gauge_satellite_blend,v4_canonical_base,-16.37243304454674,-5.266,-0.798,False,5.0,1.0
recife_pos_0078_d162b76a769abcf8,Recife,1,-7.9986628,-34.9163734,2018-04-10,Dois Unidos,flood_positive,56.5,9.55614185333252,35.79121780382008,3.910454511642456,62.92,132.904,24,chirps_v2.0_gauge_satellite_blend,v4_canonical_base,-72.50283365363394,-4.315999999999999,3.805,False,2.0,2.0
recife_pos_0079_e49590eb20f5d4ff,Recife,1,-8.0124019,-34.8980702,2018-04-02,Agua Fria,flood_positive,40.209999084472656,23.90766143798828,18.96879005432129,4.784590721130371,43.64,93.376,24,chirps_v2.0_gauge_satellite_blend,v4_canonical_base,-56.961742343281585,-0.8519999999999994,-0.8490000000000002,False,1.0,5.0
recife_pos_0080_c8d3049753e0ff61,Recife,1,-8.0393277,-34.979342,2018-04-02,Varzea,flood_positive,70.08990478515625,3.056243419647217,18.387519836350783,7.085073947906494,63.5,112.316,24,chirps_v2.0_gauge_satellite_blend,v4_canonical_base,-53.78640813507661,-1.106,2.0340000000000007,False,1.0,5.0
recife_pos_0081_deee3775d227cf9b,Recife,1,-8.022609,-34.9570724,2018-02-02,Caxanga,flood_positive,5.284999847412109,2.9530301094055176,2.91195058647137,4.857127189636231,60.2,11.786,21,chirps_v2.0_gauge_satellite_blend,v4_canonical_base,31.4726970417531,3.1460000000000004,-3.4130000000000003,False,2.0,4.0
recife_pos_0082_5688553d382849fe,Recife,1,-8.0685815,-34.8801915,2018-02-07,Sao Jose,flood_positive,3.829999923706055,7.63127326965332,4.753388881473347,6.869400501251221,6.95,0.84,24,chirps_v2.0_gauge_satellite_blend,v4_canonical_base,-12.134728947846245,-6.991999999999999,0.8970000000000002,False,0.0,4.0
recife_pos_0083_d8976a472ea97dbd,Recife,1,-8.064589,-34.8729149,2018-01-04,Recife,flood_positive,2.372563123703003,5.837462902069092,1.0960571764399636,7.39795446395874,3.65,3.653,24,chirps_v2.0_gauge_satellite_blend,v4_canonical_base,-17.91276299601517,-5.936999999999999,-4.458,False,2.0,2.0
recife_pos_0084_ca290aa7f072692d,Recife,1,-8.0376139,-34.95679,2018-01-22,Varzea,flood_positive,8.170000076293945,5.653015613555908,5.775999069213867,3.2517852783203125,60.2,46.534,24,chirps_v2.0_gauge_satellite_blend,v4_canonical_base,0.8624136767428681,-5.767000000000001,-1.753,False,3.0,3.0
recife_pos_0085_6feb31977a1ce484,Recife,1,-8.065996,-34.905939,2018-02-28,Ilha do Retiro,flood_positive,3.105215072631836,3.98923659324646,2.2154479000994423,6.837454795837402,54.69,20.751,24,chirps_v2.0_gauge_satellite_blend,v4_canonical_base,18.06522983882583,-2.2700000000000005,-0.6209999999999987,False,4.0,2.0
recife_pos_0086_99d884002c7875a6,Recife,1,-8.065996,-34.905939,2018-02-28,Ilha do Retiro,flood_positive,3.105215072631836,3.98923659324646,2.2154479000994423,6.837454795837402,54.69,20.751,24,chirps_v2.0_gauge_satellite_blend,v4_canonical_base,18.06522983882583,-2.2700000000000005,-0.6209999999999987,False,4.0,2.0
recife_pos_0087_67968daea0fa46b3,Recife,1,-8.065996,-34.905939,2018-02-28,Ilha do Retiro,flood_positive,3.105215072631836,3.98923659324646,2.2154479000994423,6.837454795837402,54.69,20.751,24,chirps_v2.0_gauge_satellite_blend,v4_canonical_base,18.06522983882583,-2.2700000000000005,-0.6209999999999987,False,4.0,2.0
recife_pos_0088_75e9a9396514ea2a,Recife,1,-8.065996,-34.905939,2018-02-28,Ilha do Retiro,flood_positive,3.105215072631836,3.98923659324646,2.2154479000994423,6.837454795837402,54.69,20.751,24,chirps_v2.0_gauge_satellite_blend,v4_canonical_base,18.06522983882583,-2.2700000000000005,-0.6209999999999987,False,4.0,2.0
recife_pos_0089_13f5993514be33d1,Recife,1,-8.065996,-34.905939,2018-02-28,Ilha do Retiro,flood_positive,3.105215072631836,3.98923659324646,2.2154479000994423,6.837454795837402,54.69,20.751,24,chirps_v2.0_gauge_satellite_blend,v4_canonical_base,18.06522983882583,-2.2700000000000005,-0.6209999999999987,False,4.0,2.0
recife_pos_0090_1e10df15c7c5fba9,Recife,1,-8.065996,-34.905939,2018-02-28,Ilha do Retiro,flood_positive,3.105215072631836,3.98923659324646,2.2154479000994423,6.837454795837402,54.69,20.751,24,chirps_v2.0_gauge_satellite_blend,v4_canonical_base,18.06522983882583,-2.2700000000000005,-0.6209999999999987,False,4.0,2.0
recife_pos_0091_e253eef88e4ea52a,Recife,1,-8.0875139,-34.9482824,2018-02-27,Barro,flood_positive,18.25370407104492,7.691780567169189,8.771128654059993,4.304683208465576,54.69,24.413,24,chirps_v2.0_gauge_satellite_blend,v4_canonical_base,14.839292873168304,3.2399999999999998,0.827,False,3.0,3.0
recife_pos_0092_c75fed78ea1ea58d,Recife,1,-8.0308717,-34.9566882,2018-02-19,Varzea,flood_positive,11.337831497192385,3.973860263824463,3.850246428183397,4.422622680664063,53.09,89.729,24,chirps_v2.0_gauge_satellite_blend,v4_canonical_base,-44.29901921008852,11.329,7.489999999999998,False,0.0,4.0
recife_pos_0093_6620fb99ed293305,Recife,1,-8.0670305,-34.9050505,2018-02-21,Ilha do Retiro,flood_positive,7.949999809265137,1.712206482887268,3.3697805364163083,4.593787670135498,54.69,64.73,24,chirps_v2.0_gauge_satellite_blend,v4_canonical_base,-20.676846024814807,-3.5680000000000005,-0.7330000000000005,False,2.0,2.0
recife_pos_0094_2a6692c1ffce02d1,Recife,1,-8.0670305,-34.9050505,2018-02-21,Ilha do Retiro,flood_positive,7.949999809265137,1.712206482887268,3.3697805364163083,4.593787670135498,54.69,64.73,24,chirps_v2.0_gauge_satellite_blend,v4_canonical_base,-20.676846024814807,-3.5680000000000005,-0.7330000000000005,False,2.0,2.0
recife_pos_0095_fee04401580e1889,Recife,1,-8.0670305,-34.9050505,2018-02-21,Ilha do Retiro,flood_positive,7.949999809265137,1.712206482887268,3.3697805364163083,4.593787670135498,54.69,64.73,24,chirps_v2.0_gauge_satellite_blend,v4_canonical_base,-20.676846024814807,-3.5680000000000005,-0.7330000000000005,False,2.0,2.0
recife_pos_0096_e0113b1a9cca2492,Recife,1,-8.0670305,-34.9050505,2018-02-21,Ilha do Retiro,flood_positive,7.949999809265137,1.712206482887268,3.3697805364163083,4.593787670135498,54.69,64.73,24,chirps_v2.0_gauge_satellite_blend,v4_canonical_base,-20.676846024814807,-3.5680000000000005,-0.7330000000000005,False,2.0,2.0
recife_pos_0097_f168e1dd75b8f091,Recife,1,-8.0670305,-34.9050505,2018-02-21,Ilha do Retiro,flood_positive,7.949999809265137,1.712206482887268,3.3697805364163083,4.593787670135498,54.69,64.73,24,chirps_v2.0_gauge_satellite_blend,v4_canonical_base,-20.676846024814807,-3.5680000000000005,-0.7330000000000005,False,2.0,2.0
recife_pos_0098_a9665d58f696af6b,Recife,1,-8.1103477,-34.9543093,2018-01-30,Barro,flood_positive,53.238037109375,11.488786697387695,0.0,11.297792434692385,56.68,18.873,24,chirps_v2.0_gauge_satellite_blend,v4_canonical_base,21.709601663376567,,,,,
recife_pos_0099_60ea8ba3ce6f0534,Recife,1,-8.1072271,-34.9570538,2018-05-08,Barro,flood_positive,34.96999740600586,11.525634765625,5.999822860758286e-11,7.3915696144104,123.87,107.1,24,chirps_v2.0_gauge_satellite_blend,v4_canonical_base,11.178481873899273,-0.9859999999999998,0.3030000000000008,False,1.0,5.0
recife_pos_0100_885b904fa022ade3,Recife,1,-8.1159761,-34.9598776,2018-05-09,Cohab,flood_positive,31.380001068115234,19.900522232055664,12.20663833616664,3.4572958946228027,123.87,91.035,24,chirps_v2.0_gauge_satellite_blend,v4_canonical_base,25.330496443338916,-5.433999999999999,-0.8109999999999999,False,2.0,4.0
recife_pos_0101_ab4e9808340efd66,Recife,1,-8.1053255,-34.9526221,2018-05-03,Barro,flood_positive,74.83000183105469,13.688190460205078,37.374168395936096,4.561807155609131,142.43,72.667,24,chirps_v2.0_gauge_satellite_blend,v4_canonical_base,60.07127475715578,-11.94,5.898,False,1.0,3.0
recife_pos_0102_274240374c9aaebc,Recife,1,-8.0130546,-34.8818647,2018-03-21,Campina do Barreto,flood_positive,5.659977436065674,15.813517570495604,8.401685237644529,2.797154426574707,0.0,0.0,24,chirps_v2.0_gauge_satellite_blend,v4_canonical_base,-18.344754329836327,-4.377,-3.4019999999999992,False,1.0,5.0
recife_pos_0103_dc2b3973362c3d46,Recife,1,-8.0130546,-34.8818647,2018-03-21,Campina do Barreto,flood_positive,5.659977436065674,15.813517570495604,8.401685237644529,2.797154426574707,0.0,0.0,24,chirps_v2.0_gauge_satellite_blend,v4_canonical_base,-18.344754329836327,-4.377,-3.4019999999999992,False,1.0,5.0
recife_pos_0104_43c8448f630134d3,Recife,1,-8.0130546,-34.8818647,2018-03-21,Campina do Barreto,flood_positive,5.659977436065674,15.813517570495604,8.401685237644529,2.797154426574707,0.0,0.0,24,chirps_v2.0_gauge_satellite_blend,v4_canonical_base,-18.344754329836327,-4.377,-3.4019999999999992,False,1.0,5.0
recife_pos_0105_ff415dd47b316fe8,Recife,1,-8.0130546,-34.8818647,2018-03-21,Campina do Barreto,flood_positive,5.659977436065674,15.813517570495604,8.401685237644529,2.797154426574707,0.0,0.0,24,chirps_v2.0_gauge_satellite_blend,v4_canonical_base,-18.344754329836327,-4.377,-3.4019999999999992,False,1.0,5.0
recife_pos_0106_f66aae7626210185,Recife,1,-8.0170499,-34.8970321,2018-11-23,Agua Fria,flood_positive,12.466547012329102,4.04965877532959,2.38900756819438,9.864803314208984,8.02,1.342,24,chirps_v2.0_gauge_satellite_blend,v4_canonical_base,-11.506951874323601,1.5860000000000003,-0.9160000000000004,False,1.0,3.0
recife_pos_0107_b5626bd3ddc43e56,Recife,1,-8.0099587,-34.9013951,2018-10-25,Linha do Tiro,flood_positive,65.86000061035156,20.952505111694336,47.8795442572627,3.513139486312866,5.36,2.008,24,chirps_v2.0_gauge_satellite_blend,v4_canonical_base,-14.75364603574575,-7.923999999999999,-10.531,False,3.0,3.0
recife_pos_0108_c83e0ae35998a189,Recife,1,-8.0152287,-34.8986128,2018-10-16,Agua Fria,flood_positive,36.97999954223633,11.466408729553224,21.042562484561216,5.4697585105896,12.75,8.576,24,chirps_v2.0_gauge_satellite_blend,v4_canonical_base,-13.149542810851862,,,,,
recife_pos_0109_275aeb5c822d3794,Recife,1,-7.9936483,-34.9155303,2018-09-14,Dois Unidos,flood_positive,62.619266510009766,5.842890739440918,43.40086555477957,2.9109435081481934,17.19,18.534,24,chirps_v2.0_gauge_satellite_blend,v4_canonical_base,-17.481765722926564,0.2650000000000001,9.959,False,3.0,1.0
recife_pos_0110_4bcc840abff2d84a,Recife,1,-8.1083539,-34.9573366,2021-04-21,Barro,flood_positive,45.037376403808594,14.464244842529297,6.380001067950239,4.556482791900635,106.72,48.551,24,chirps_v2.0_gauge_satellite_blend,v4_canonical_base,45.60559367135477,2.7910000000000004,-3.7639999999999993,False,0.0,6.0
recife_pos_0111_1586135f7f7fd06c,Recife,1,-8.0119068,-34.9013627,2021-02-26,Agua Fria,flood_positive,28.530000686645508,6.765864849090576,9.479997634812698,3.717580556869507,12.33,7.093,24,chirps_v2.0_gauge_satellite_blend,v4_canonical_base,-12.263135241198638,,,,,
recife_pos_0112_634bb986f97b6b2b,Recife,1,-8.0114348,-34.908781,2021-01-29,Linha do Tiro,flood_positive,60.57400131225586,9.119367599487305,47.0364818573148,4.812743186950684,0.0,0.0,24,chirps_v2.0_gauge_satellite_blend,v4_canonical_base,-18.344754329836327,0.3249999999999993,0.370000000000001,False,2.0,4.0
recife_pos_0113_438c573b48289ddd,Recife,1,-8.0036678,-34.914377,2021-05-13,Dois Unidos,flood_positive,15.127551078796388,16.018264770507812,0.0,17.376497268676758,104.04,28.349,24,chirps_v2.0_gauge_satellite_blend,v4_canonical_base,60.72198323449328,0.6970000000000001,-1.7650000000000006,False,3.0,1.0
recife_pos_0114_b865cb43acca5be2,Recife,1,-8.1048799,-34.9509454,2021-05-24,Barro,flood_positive,41.77999877929688,5.5795512199401855,13.474090576111877,3.942048072814941,138.12,59.183,24,chirps_v2.0_gauge_satellite_blend,v4_canonical_base,67.63962922054354,-0.0610000000000001,4.696,False,2.0,2.0
recife_pos_0115_649e4a4931e7d9bd,Recife,1,-8.0049884,-34.9070482,2023-04-11,Dois Unidos,flood_positive,29.631010055541992,17.638381958007812,13.733034133836137,9.215840339660645,78.01,97.206,24,chirps_v2.0_gauge_satellite_blend,v4_canonical_base,-25.965674232541076,0.2230000000000007,-6.811,False,0.0,6.0
recife_pos_0116_d1fed903b66a1c80,Recife,1,-8.114025,-34.9129699,2023-02-06,Imbiribeira,flood_positive,8.809999465942383,0.8987449407577515,6.71999978863165,5.939880847930908,17.04,17.044,24,chirps_v2.0_gauge_satellite_blend,v4_canonical_base,-16.319191698123262,18.115,0.7880000000000003,False,1.0,3.0
recife_pos_0117_df314ef06b4e95f2,Recife,1,-8.0087172,-34.9017812,2023-02-07,Linha do Tiro,flood_positive,32.20000076293945,32.91668701171875,21.89000034246778,3.781191825866699,73.7,93.047,24,chirps_v2.0_gauge_satellite_blend,v4_canonical_base,-26.61191895122768,4.194,0.6940000000000026,False,2.0,2.0
recife_pos_0118_950546c0f318fab0,Recife,1,-8.0018441,-34.9131307,2023-02-08,Dois Unidos,flood_positive,49.16600036621094,22.904470443725582,30.825002670213088,3.096951484680176,73.7,79.09,24,chirps_v2.0_gauge_satellite_blend,v4_canonical_base,-14.316888304127204,3.681,5.806,False,3.0,1.0
recife_pos_0119_488d5aaed0ac4396,Recife,1,-8.0076771,-34.9014075,2023-02-02,Linha do Tiro,flood_positive,16.5,3.291257619857788,15.73000049505567,4.158614635467529,0.0,0.0,24,chirps_v2.0_gauge_satellite_blend,v4_canonical_base,-18.344754329836327,-2.017999999999999,-4.229000000000001,False,4.0,2.0
recife_pos_0120_b883c5f986cfb61a,Recife,1,-8.1159761,-34.9598776,2023-02-06,Cohab,flood_positive,31.380001068115234,19.900522232055664,12.20663833616664,3.4572958946228027,18.39,18.386,24,chirps_v2.0_gauge_satellite_blend,v4_canonical_base,-16.151389242610534,0.7180000000000009,1.6809999999999992,False,1.0,3.0
recife_pos_0121_ac71b50e8d88f772,Recife,1,-8.0857109,-34.9694038,2023-02-06,Coqueiral,flood_positive,30.277734756469727,2.4158425331115723,14.092393872302154,7.843682289123535,15.71,15.711,24,chirps_v2.0_gauge_satellite_blend,v4_canonical_base,-16.474922453114665,14.235,9.473,False,1.0,3.0
recife_pos_0122_dd32ef50d7356a40,Recife,1,-7.9930567,-34.9211126,2023-02-25,Dois Unidos,flood_positive,55.72999954223633,31.394779205322266,32.3424129484434,2.5862860679626465,36.67,41.227,24,chirps_v2.0_gauge_satellite_blend,v4_canonical_base,-17.992532397330187,2.8229999999999995,-0.1859999999999999,False,3.0,3.0
recife_pos_0123_9840f4be51872b94,Recife,1,-8.0191592,-34.8977851,2023-06-10,Agua Fria,flood_positive,35.95915985107422,11.98866367340088,29.326388835292,7.611673355102539,13.41,44.878,24,chirps_v2.0_gauge_satellite_blend,v4_canonical_base,-44.46877921918043,-11.957,-1.189,False,0.0,6.0
recife_pos_0124_7897fdbcc0823d65,Recife,1,-8.0740804,-34.8903255,2023-06-30,Sao Jose,flood_positive,1.891074538230896,7.97573709487915,0.0504975324008691,8.005849838256836,21.79,40.646,24,chirps_v2.0_gauge_satellite_blend,v4_canonical_base,-32.36071661987334,-3.5660000000000007,-1.2410000000000014,False,1.0,3.0
recife_pos_0125_255c1be70679ef38,Recife,1,-8.0004133,-34.9168147,2023-06-27,Dois Unidos,flood_positive,18.433988571166992,3.343818664550781,2.999911430379143e-11,10.650922775268556,75.89,59.206,24,chirps_v2.0_gauge_satellite_blend,v4_canonical_base,5.389368010764684,-0.0969999999999995,-3.2620000000000022,False,5.0,1.0
recife_pos_0126_e0f0e089d41d956b,Recife,1,-7.9955726,-34.9162028,2023-05-13,Dois Unidos,flood_positive,69.32158660888672,8.097238540649414,51.2200050352654,5.820804595947266,25.8,34.978,24,chirps_v2.0_gauge_satellite_blend,v4_canonical_base,-23.35764979263499,0.6049999999999986,3.961,False,1.0,3.0
recife_pos_0127_6f969503d3bc1e5e,Recife,1,-8.0008503,-34.9082306,2023-09-21,Dois Unidos,flood_positive,16.41216278076172,0.8688114285469055,11.4909725188909,4.048496723175049,14.71,19.971,24,chirps_v2.0_gauge_satellite_blend,v4_canonical_base,-21.227650873022107,1.0279999999999987,8.337,False,0.0,4.0
recife_pos_0128_f8f9f8d8550316fd,Recife,1,-8.0046259,-34.9055173,2024-04-17,Dois Unidos,flood_positive,40.519290924072266,18.902019500732425,35.89767360678256,3.882359266281128,72.97,56.349,24,chirps_v2.0_gauge_satellite_blend,v4_canonical_base,4.98616263416271,2.5429999999999997,-4.658000000000001,False,0.0,6.0
recife_pos_0129_bf12b6089a005fab,Recife,1,-8.0824279,-34.92382,2024-04-04,Afogados,flood_positive,2.2249999046325684,4.6007280349731445,1.5000001241105565e-11,5.952259540557861,25.58,27.234,24,chirps_v2.0_gauge_satellite_blend,v4_canonical_base,-16.755788552314996,,,,,
recife_pos_0130_cec3ed1fef8f9ded,Recife,1,-8.0808442,-34.9431299,2024-04-04,Jardim Sao Paulo,flood_positive,12.5,0.5140500664710999,5.820000171646377,4.4679718017578125,25.58,27.234,24,chirps_v2.0_gauge_satellite_blend,v4_canonical_base,-16.755788552314996,,,,,
recife_pos_0131_cd544d18c83239eb,Recife,1,-7.9920987,-34.9180159,2024-02-15,Dois Unidos,flood_positive,22.9414176940918,10.52275276184082,3.280000686510512,3.7437009811401367,18.16,18.155,24,chirps_v2.0_gauge_satellite_blend,v4_canonical_base,-16.177896222657804,12.738,-2.354000000000001,False,3.0,1.0
recife_pos_0132_8366f3184920e77c,Recife,1,-8.0060646,-34.9057635,2024-02-05,Dois Unidos,flood_positive,11.5382661819458,4.631329536437988,1.3320922850662529,10.075531005859377,69.91,19.051,24,chirps_v2.0_gauge_satellite_blend,v4_canonical_base,34.782797518131616,-3.737,-1.5570000000000004,False,0.0,6.0
recife_pos_0133_d9d21d475602d02b,Recife,1,-8.0770226,-34.8953987,2024-02-27,Sao Jose,flood_positive,2.174021005630493,9.31479549407959,3.1499070018981e-10,7.589973449707031,77.41,28.715,24,chirps_v2.0_gauge_satellite_blend,v4_canonical_base,33.769565722360376,-1.6679999999999993,2.283999999999999,False,3.0,1.0
recife_pos_0134_53d2798638bfed57,Recife,1,-7.9964653,-34.9208694,2024-06-15,Dois Unidos,flood_positive,30.25,16.6991024017334,20.09078407245599,3.0357775688171387,111.33,155.52,24,chirps_v2.0_gauge_satellite_blend,v4_canonical_base,-44.015769321386685,,,,,
recife_pos_0135_a18d355316797881,Recife,1,-8.0742238,-34.92995,2024-06-25,San Martin,flood_positive,3.96500015258789,5.763056755065918,0.1989760382965215,4.484141826629639,154.31,68.4,24,chirps_v2.0_gauge_satellite_blend,v4_canonical_base,75.71016963221328,15.879,5.835999999999999,False,2.0,2.0
recife_pos_0136_dff6f8b5b66d8c8c,Recife,1,-8.0883892,-34.9299145,2024-06-25,Areias,flood_positive,11.858269691467283,3.339163303375244,0.590284347489181,6.74676513671875,154.31,68.4,24,chirps_v2.0_gauge_satellite_blend,v4_canonical_base,75.71016963221328,-2.4239999999999995,3.138,False,2.0,2.0
recife_pos_0137_bd7a74a4e3b14dc6,Recife,1,-8.0775293,-34.9736781,2024-06-15,Curado,flood_positive,20.908519744873047,3.398303985595703,3.614204406198297,5.582758903503418,72.87,154.491,24,chirps_v2.0_gauge_satellite_blend,v4_canonical_base,-81.56930041432452,,,,,
recife_pos_0138_cea96c56e7faec51,Recife,1,-8.0171661,-34.8937614,2024-06-20,Agua Fria,flood_positive,15.73691463470459,14.77080535888672,5.773096560846902,8.185371398925781,154.11,153.024,24,chirps_v2.0_gauge_satellite_blend,v4_canonical_base,0.9630124006999665,-5.316999999999999,-3.742999999999999,False,4.0,2.0
recife_pos_0139_15470bbd649613d7,Recife,1,-8.0770226,-34.8953987,2024-05-28,Sao Jose,flood_positive,2.174021005630493,9.31479549407959,3.1499070018981e-10,7.589973449707031,18.7,28.042,24,chirps_v2.0_gauge_satellite_blend,v4_canonical_base,-24.34757366106739,3.125,2.917,False,5.0,1.0
recife_pos_0140_3300907b7f03241c,Recife,1,-8.1245501,-34.9414949,2024-05-16,Ibura,flood_positive,55.91925048828125,12.315403938293455,26.085596084594727,5.490777015686035,59.95,36.493,24,chirps_v2.0_gauge_satellite_blend,v4_canonical_base,9.457753128454264,-8.327,6.824000000000002,False,5.0,1.0
recife_pos_0000_3debe649405c198d,Recife,1,-8.122761,-34.9369207,,Ibura de Baixo,flood_positive,23.46649932861328,9.7566556930542,17.816357612594864,3.6875157356262207,,,24,chirps_v2.0_gauge_satellite_blend,v4_canonical_base,,,,,,
recife_pos_0003_786d7fd236dfa5ee,Recife,1,-8.0130546,-34.8818647,,Campina do Barreto,flood_positive,5.659977436065674,15.813517570495604,8.401685237644529,2.797154426574707,,,24,chirps_v2.0_gauge_satellite_blend,v4_canonical_base,,,,,,
recife_pos_0004_52d05107d37bea1d,Recife,1,-8.0130546,-34.8818647,,Campina do Barreto,flood_positive,5.659977436065674,15.813517570495604,8.401685237644529,2.797154426574707,,,24,chirps_v2.0_gauge_satellite_blend,v4_canonical_base,,,,,,
recife_pos_0005_f0d38338421ebb31,Recife,1,-8.0144234,-34.8814082,,Campina do Barreto,flood_positive,4.453418731689453,2.46821928024292,1.1305575368088654,6.140255451202393,,,24,chirps_v2.0_gauge_satellite_blend,v4_canonical_base,,,,,,
recife_pos_0007_b67669411e9eb105,Recife,1,-8.1006035,-34.9155658,,Imbiribeira,flood_positive,2.118408441543579,3.198467254638672,1.7100000380119766,4.67035436630249,,,24,chirps_v2.0_gauge_satellite_blend,v4_canonical_base,,,,,,
recife_pos_0014_bccd7887231e71df,Recife,1,-8.0377506,-34.9157272,,Casa Forte,flood_positive,6.443043231964111,15.644001007080078,0.0,11.658794403076172,,,24,chirps_v2.0_gauge_satellite_blend,v4_canonical_base,,,,,,
recife_pos_0017_476f2ff2ed0f62cd,Recife,1,-8.0474626,-34.9617547,,Varzea,flood_positive,18.279998779296875,2.850393056869507,5.776912686284071,6.69040060043335,,,24,chirps_v2.0_gauge_satellite_blend,v4_canonical_base,,,,,,
recife_pos_0019_525d728b66cbf8e1,Recife,1,-8.009652,-34.9052878,,Linha do Tiro,flood_positive,31.540000915527344,10.033812522888184,18.161563873276016,3.5101914405822754,,,24,chirps_v2.0_gauge_satellite_blend,v4_canonical_base,,,,,,
recife_pos_0020_377759511af2af4c,Recife,1,-8.006779,-34.9043109,,Linha do Tiro,flood_positive,15.510000228881836,6.742946624755859,0.0,11.97612190246582,,,24,chirps_v2.0_gauge_satellite_blend,v4_canonical_base,,,,,,
REC_NEGV3_e5b0d67b4d31b093,Recife,0,-8.0124037,-34.8953439,2024-02-16,Agua Fria,real_clean_sedec_negative,17.39621925354004,1.994595289230347,3.420391082688674,4.441220283508301,20.25,27.78,24,chirps_v2.0_gauge_satellite_blend,v4_canonical_base,-22.566772054021442,,,,,
REC_NEGV3_11ec770ad80a1606,Recife,0,-8.0201932,-34.9051656,2024-07-20,Bomba do Hemeterio,real_clean_sedec_negative,16.540000915527344,20.29593086242676,3.630160331456082,6.118929862976074,146.85,17.755,24,chirps_v2.0_gauge_satellite_blend,v4_canonical_base,112.86447264306119,-4.778999999999999,-0.8499999999999996,False,3.0,1.0
REC_NEGV3_c39b951f08b83370,Recife,0,-8.1232329,-34.9494074,2016-05-19,Cohab,real_clean_sedec_negative,33.50306701660156,13.684271812438965,16.734830856248244,3.2718515396118164,213.96,49.556,24,chirps_v2.0_gauge_satellite_blend,v4_canonical_base,151.96026689623577,,,,,
REC_NEGV3_687b5ec12c43c33e,Recife,0,-8.0673813,-34.8793393,2023-05-06,Santo Antonio,real_clean_sedec_negative,2.8874337673187256,19.153223037719727,5.575300216044804,5.44001579284668,48.97,49.458,24,chirps_v2.0_gauge_satellite_blend,v4_canonical_base,-12.943402731663085,0.5960000000000001,1.862,False,1.0,5.0
REC_NEGV3_227bf6fbc8a3a216,Recife,0,-7.9849093,-34.9302439,2016-02-18,Passarinho,real_clean_sedec_negative,67.02723693847656,7.323037147521973,41.6317081451266,5.438066005706787,4.7,0.568,24,chirps_v2.0_gauge_satellite_blend,v4_canonical_base,-14.14511811915732,,,,,
REC_NEGV3_ca7e64799c40b0e0,Recife,0,-8.0182385,-34.9139302,2023-03-30,Morro da Conceicao,real_clean_sedec_negative,32.45000076293945,24.5344352722168,14.559999465867383,4.694487571716309,34.11,45.24,24,chirps_v2.0_gauge_satellite_blend,v4_canonical_base,-24.087673042656142,-0.6879999999999988,0.5749999999999993,False,5.0,6.0
REC_NEGV3_ad3a278d56eebc1d,Recife,0,-8.0618788,-34.8720034,2014-09-16,Bairro do Recife,real_clean_sedec_negative,2.1599998474121094,24.35581016540528,6.129392622446368,2.7730801105499268,14.62,25.295,24,chirps_v2.0_gauge_satellite_blend,v4_canonical_base,-26.007680475742106,,,,,
REC_NEGV3_c56afdbe4b97ba9b,Recife,0,-7.9936141,-34.9339959,2014-07-14,Guabiraba,real_clean_sedec_negative,33.33420944213867,5.273287296295166,1.2975006098865762,9.9248046875,24.21,55.371,24,chirps_v2.0_gauge_satellite_blend,v4_canonical_base,-42.912295489154324,,,,,
REC_NEGV3_6ec93d5c66ebe628,Recife,0,-8.1367793,-34.9494312,2014-05-29,Cohab,real_clean_sedec_negative,33.17000198364258,9.162606239318848,21.08579730974049,7.404869079589844,31.39,10.062,24,chirps_v2.0_gauge_satellite_blend,v4_canonical_base,4.181406853002024,,,,,
REC_NEGV3_a193a77e464d3ec3,Recife,0,-7.9977058,-34.9336782,2014-03-24,Nova Descoberta,real_clean_sedec_negative,82.68400573730469,10.404899597167969,45.34495925901821,6.236878395080566,62.37,26.726,24,chirps_v2.0_gauge_satellite_blend,v4_canonical_base,20.481719907148147,,,,,
REC_NEGV3_61042a024b2d0411,Recife,0,-7.9848349,-34.9271265,2016-02-01,Passarinho,real_clean_sedec_negative,32.91780471801758,10.789239883422852,1.8259716033785551,10.45182991027832,17.08,34.439,24,chirps_v2.0_gauge_satellite_blend,v4_canonical_base,-31.602832746078633,,,,,
REC_NEGV3_299d7f19ffc58b52,Recife,0,-8.1194404,-34.9010187,2016-07-19,Boa Viagem,real_clean_sedec_negative,1.9399999380111688,1.843467354774475,3.3000002730432243e-10,5.760151386260986,10.03,6.959,24,chirps_v2.0_gauge_satellite_blend,v4_canonical_base,-14.445091671182771,,,,,
REC_NEGV3_317973c2f50a61b3,Recife,0,-8.0260061,-34.9525447,2016-09-01,Caxanga,real_clean_sedec_negative,4.915126323699951,1.5829941034317017,5.549836146201415e-10,4.575645923614502,19.43,35.122,24,chirps_v2.0_gauge_satellite_blend,v4_canonical_base,-29.854502584293833,,,,,
REC_NEGV3_a08f924e68ca5317,Recife,0,-8.1280998,-34.9447556,2018-11-09,Cohab,real_clean_sedec_negative,29.07675170898437,11.81783962249756,15.090843200608596,4.534771919250488,10.15,4.502,24,chirps_v2.0_gauge_satellite_blend,v4_canonical_base,-12.160665913503761,,,,,
REC_NEGV3_ff633bee76765952,Recife,0,-8.0156901,-34.8948175,2021-10-26,Agua Fria,real_clean_sedec_negative,35.06638717651367,17.935623168945312,23.0833797454534,4.233534336090088,7.92,1.326,24,chirps_v2.0_gauge_satellite_blend,v4_canonical_base,-11.59285711969484,11.703,4.099,False,1.0,3.0
REC_NEGV3_a20f30fd5217fec3,Recife,0,-8.0015914,-34.9096785,2021-09-30,Dois Unidos,real_clean_sedec_negative,63.61020278930664,4.539374828338623,42.306901931747696,4.922844886779785,7.42,4.842,24,chirps_v2.0_gauge_satellite_blend,v4_canonical_base,-15.190179449364921,,,,,
REC_NEGV3_aba5916f383b1e7f,Recife,0,-8.0643512,-34.8836934,2023-04-15,Boa Vista,real_clean_sedec_negative,2.1805477142333984,17.375207901000977,0.5667476656302735,9.751477241516112,69.16,43.281,24,chirps_v2.0_gauge_satellite_blend,v4_canonical_base,12.6880534772027,-17.391,-18.105,False,4.0,2.0
REC_NEGV3_8c3c50d26535fa63,Recife,0,-8.0838858,-34.9490599,2023-05-15,Jardim Sao Paulo,real_clean_sedec_negative,17.414113998413086,5.896797180175781,7.065258979782364,4.781458854675293,35.47,56.6,24,chirps_v2.0_gauge_satellite_blend,v4_canonical_base,-32.734948829075975,-0.7320000000000002,0.1600000000000001,False,3.0,1.0
REC_NEGV3_bbbe1ad5006ca890,Recife,0,-8.0093673,-34.9063324,2023-09-06,Linha do Tiro,real_clean_sedec_negative,32.54070281982422,17.228059768676758,23.472223281845352,5.86246919631958,46.38,53.103,24,chirps_v2.0_gauge_satellite_blend,v4_canonical_base,-18.744364020527534,2.4320000000000004,-0.9849999999999994,False,4.0,2.0
REC_NEGV3_1354d16677455e66,Recife,0,-8.0688026,-34.8799611,2024-03-04,Sao Jose,real_clean_sedec_negative,2.3230223655700684,9.62371063232422,5.2340941426438174,7.352902412414551,0.0,0.0,24,chirps_v2.0_gauge_satellite_blend,v4_canonical_base,-18.344754329836327,-1.479000000000001,-1.2200000000000006,False,4.0,2.0
REC_NEGV3_40b1f325018eeb9f,Recife,0,-7.9964653,-34.9208694,2024-09-11,Dois Unidos,real_clean_sedec_negative,30.25,16.6991024017334,20.09078407245599,3.0357775688171387,6.79,1.939,24,chirps_v2.0_gauge_satellite_blend,v4_canonical_base,-13.26286240640922,-5.599000000000002,-2.3709999999999987,False,3.0,3.0
REC_NEGV3_f2507c2c4f04d6ed,Recife,0,-7.9964653,-34.9208694,2024-09-25,Dois Unidos,real_clean_sedec_negative,30.25,16.6991024017334,20.09078407245599,3.0357775688171387,21.52,8.866,24,chirps_v2.0_gauge_satellite_blend,v4_canonical_base,-4.635010238498143,-5.711,0.1980000000000004,False,5.0,1.0
NEWPOS_34e4e28f79707f56,recife,1,-8.1034961,-34.9359216,2014-04-16,Areias,flood_positive,2.1891980171203613,6.685081005096436,2.999911430379143e-11,6.0372490882873535,27.54,5.421,24,chirps_v2.0_gauge_satellite_blend,IMPROVEMENT1_new_v7,4.419766617506816,,,,,
NEWPOS_3ffe61cb62224d51,recife,1,-8.0831694,-34.9425945,2014-04-10,Jardim Sao Paulo,flood_positive,3.995000123977661,6.408966541290283,2.8091187471411985,4.7991485595703125,34.39,17.95,24,chirps_v2.0_gauge_satellite_blend,IMPROVEMENT1_new_v7,0.23269282102318556,,,,,
NEWPOS_fcb0209bcc55fef3,recife,1,-8.0809893,-34.9329532,2014-04-03,Estancia,flood_positive,5.593138694763184,1.462580919265747,4.818336485181455,7.919398307800293,19.95,2.413,24,chirps_v2.0_gauge_satellite_blend,IMPROVEMENT1_new_v7,-0.5204195122862423,,,,,
NEWPOS_94c5470c68eea998,recife,1,-8.0234254,-34.9566578,2014-05-14,Caxanga,flood_positive,3.96333360671997,0.4846854507923126,0.4099998456571612,4.881180286407471,123.51,117.197,24,chirps_v2.0_gauge_satellite_blend,IMPROVEMENT1_new_v7,1.923810780987182,,,,,
NEWNEG_ILUM_000,recife,0,-8.027154004746574,-34.909194308889795,2025-01-22,Casa Amarela,real_clean_sedec_negative,5.869999885559082,5.133811950683594,1.779999732746198,11.610099792480469,39.7,21.25,24,chirps_v2.0_gauge_satellite_blend,IMPROVEMENT1_new_v7,2.635649678841375,-0.2439999999999997,-1.5169999999999997,False,4.0,2.0
NEWNEG_ILUM_001,recife,0,-8.027150487056353,-34.90847302296005,2025-01-22,Casa Amarela,real_clean_sedec_negative,5.339999675750732,3.887515544891357,1.7799997326262016,5.692142009735107,39.7,21.25,24,chirps_v2.0_gauge_satellite_blend,IMPROVEMENT1_new_v7,2.635649678841375,-5.268,4.506,False,4.0,2.0
NEWNEG_ILUM_002,recife,0,-8.026363481443964,-34.888699403183786,2025-01-23,Arruda,real_clean_sedec_negative,3.3399999141693115,4.023141860961914,1.214325426284084,4.917115211486816,41.63,22.116,24,chirps_v2.0_gauge_satellite_blend,IMPROVEMENT1_new_v7,3.8027710845597156,-6.517,-8.136000000000001,False,5.0,1.0
NEWNEG_ILUM_003,recife,0,-8.096152647873156,-34.910740142743,2025-01-23,Imbiribeira,real_clean_sedec_negative,7.920000553131103,6.121526718139648,0.0,16.972293853759766,34.69,18.072,24,chirps_v2.0_gauge_satellite_blend,IMPROVEMENT1_new_v7,0.42522031697888707,0.8339999999999996,1.1119999999999983,False,5.0,1.0
NEWNEG_ILUM_004,recife,0,-8.0263945,-34.9076862,2025-01-22,Casa Amarela,real_clean_sedec_negative,19.212543487548828,15.056041717529297,13.88637256571316,2.5450663566589355,39.7,21.25,24,chirps_v2.0_gauge_satellite_blend,IMPROVEMENT1_new_v7,2.635649678841375,-3.656,5.380000000000001,False,4.0,2.0
NEWNEG_ILUM_005,recife,0,-8.141288294750597,-34.90411698818207,2025-01-22,Boa Viagem,real_clean_sedec_negative,9.003437995910645,2.448768615722656,8.610857039630018,2.5339465141296387,35.72,18.943,24,chirps_v2.0_gauge_satellite_blend,IMPROVEMENT1_new_v7,0.6879371118757405,-4.274000000000001,-2.0169999999999995,False,4.0,2.0
NEWNEG_ILUM_006,recife,0,-8.088157298979693,-34.891654320204395,2025-01-22,Pina,real_clean_sedec_negative,1.8949997425079343,3.8586058616638175,1.2000000992884452e-10,8.953603744506836,40.42,21.635,24,chirps_v2.0_gauge_satellite_blend,IMPROVEMENT1_new_v7,3.0164946455868176,4.112,-1.9259999999999984,False,4.0,2.0
NEWNEG_ILUM_007,recife,0,-8.0696939,-34.9263174,2025-01-23,San Martin,real_clean_sedec_negative,4.629899024963379,1.4459739923477173,5.469157218858108,4.409139156341553,34.69,18.072,24,chirps_v2.0_gauge_satellite_blend,IMPROVEMENT1_new_v7,0.42522031697888707,-8.373999999999999,-2.1430000000000007,False,5.0,1.0
NEWNEG_ILUM_008,recife,0,-8.019807,-34.9401598,2025-01-22,Apipucos,real_clean_sedec_negative,17.650978088378906,12.065571784973145,11.319123266072502,3.758377313613892,39.7,21.25,24,chirps_v2.0_gauge_satellite_blend,IMPROVEMENT1_new_v7,2.635649678841375,-6.930000000000001,-4.872999999999999,False,4.0,2.0
NEWNEG_ILUM_009,recife,0,-8.0692115,-34.9227583,2025-01-22,Mustardinha,real_clean_sedec_negative,4.740156650543213,2.2752859592437744,3.481322288438186,4.318682670593262,34.69,19.507,24,chirps_v2.0_gauge_satellite_blend,IMPROVEMENT1_new_v7,-0.8389029887880568,3.904,3.2209999999999983,False,4.0,2.0
NEWNEG_ILUM_010,recife,0,-8.0553895519525,-34.923075371630446,2025-01-22,Cordeiro,real_clean_sedec_negative,12.042646408081056,7.217196464538574,4.002499579198336,4.816556930541992,34.69,19.507,24,chirps_v2.0_gauge_satellite_blend,IMPROVEMENT1_new_v7,-0.8389029887880568,-1.3640000000000008,0.939,False,4.0,2.0
NEWNEG_ILUM_011,recife,0,-8.0439801,-34.8836378,2025-01-23,Santo Amaro,real_clean_sedec_negative,6.927987575531006,2.5972375869750977,7.920688628370391,5.438754081726074,41.63,22.116,24,chirps_v2.0_gauge_satellite_blend,IMPROVEMENT1_new_v7,3.8027710845597156,-3.649,-6.958,False,5.0,1.0
NEWNEG_ILUM_012,recife,0,-8.098305028165194,-34.938687823562056,2025-01-22,Areias,real_clean_sedec_negative,7.409999847412109,1.5238006114959717,3.0061783775888813,5.740819931030273,34.69,19.507,24,chirps_v2.0_gauge_satellite_blend,IMPROVEMENT1_new_v7,-0.8389029887880568,-3.8000000000000007,-1.9559999999999995,False,4.0,2.0
NEWNEG_ILUM_013,recife,0,-8.125821316648485,-34.945698464900254,2025-01-22,Cohab   Ibura de Cima,real_clean_sedec_negative,58.87575912475586,10.69292163848877,27.969232559069106,5.210398674011231,35.72,18.943,24,chirps_v2.0_gauge_satellite_blend,IMPROVEMENT1_new_v7,0.6879371118757405,1.5810000000000004,-2.244,False,4.0,2.0
NEWNEG_V9_BAIRROMATCH_000,recife,0,-8.1180959,-34.9412796,2015-09-22,IBURA,real_clean_sedec_negative,24.36000061035156,4.363546371459961,15.203999996080306,6.240984916687012,3.5,6.648,24,open_meteo_era5_land_archive_api,TASK2_v9_emlurb_156_bairro_overlap_matched,-1.4999436685859955,,,,,
NEWNEG_V9_BAIRROMATCH_001,recife,0,-8.120806199999999,-34.960407,2015-08-04,COHAB,real_clean_sedec_negative,30.673978805541992,25.32222366333008,7.550699233843794,3.354980230331421,9.7,19.682,24,open_meteo_era5_land_archive_api,TASK2_v9_emlurb_156_bairro_overlap_matched,-0.4087615956762818,,,,,
NEWNEG_V9_BAIRROMATCH_002,recife,0,-8.0694837,-34.932799,2015-06-16,SAN MARTIN,real_clean_sedec_negative,4.460000038146973,6.225923538208008,0.0,11.45053005218506,5.5,12.65,24,open_meteo_era5_land_archive_api,TASK2_v9_emlurb_156_bairro_overlap_matched,-1.8524927861551141,,,,,
NEWNEG_V9_BAIRROMATCH_003,recife,0,-8.1281638,-34.9500181,2015-07-17,COHAB,real_clean_sedec_negative,16.386831283569336,8.94937515258789,1.1963291164313006,4.035490989685059,11.4,31.33,24,open_meteo_era5_land_archive_api,TASK2_v9_emlurb_156_bairro_overlap_matched,-3.274321762528178,,,,,
NEWNEG_V9_BAIRROMATCH_004,recife,0,-8.034894999999999,-34.9795443,2015-06-02,VARZEA,real_clean_sedec_negative,83.96034240722656,8.583968162536621,35.05000305174281,4.2172160148620605,7.5,14.643,24,open_meteo_era5_land_archive_api,TASK2_v9_emlurb_156_bairro_overlap_matched,-0.6336707920390285,,,,,
NEWNEG_V9_BAIRROMATCH_005,recife,0,-8.0299624,-34.9579823,2015-03-09,CAXANGA,real_clean_sedec_negative,9.65000057220459,1.8331985473632808,3.899884859492886e-10,5.273867607116699,17.1,31.199,24,open_meteo_era5_land_archive_api,TASK2_v9_emlurb_156_bairro_overlap_matched,2.4770251109142674,,,,,
NEWNEG_V9_BAIRROMATCH_006,recife,0,-8.043459600000002,-34.9479158,2015-05-30,VARZEA,real_clean_sedec_negative,35.81999969482422,16.423952102661133,22.701668739048856,4.218430042266846,4.0,14.218,24,open_meteo_era5_land_archive_api,TASK2_v9_emlurb_156_bairro_overlap_matched,-3.967087424000562,,,,,
NEWNEG_V9_BAIRROMATCH_007,recife,0,-8.042007,-34.9582447,2015-09-22,VARZEA,real_clean_sedec_negative,14.239599227905272,10.127531051635742,2.432378768800902,4.043121337890625,3.5,6.648,24,open_meteo_era5_land_archive_api,TASK2_v9_emlurb_156_bairro_overlap_matched,-1.4999436685859955,,,,,
NEWNEG_V9_BAIRROMATCH_008,recife,0,-8.1360508,-34.9557657,2015-09-11,COHAB,real_clean_sedec_negative,12.01221752166748,3.322821140289306,1.0253124235410596,4.535901069641113,4.2,6.126,24,open_meteo_era5_land_archive_api,TASK2_v9_emlurb_156_bairro_overlap_matched,-0.5953400965481617,,,,,
NEWNEG_V9_BAIRROMATCH_009,recife,0,-8.0694039,-34.9297308,2015-08-10,SAN MARTIN,real_clean_sedec_negative,7.710306644439697,6.952803134918213,1.717203616930952,3.685704946517944,9.7,13.18,24,open_meteo_era5_land_archive_api,TASK2_v9_emlurb_156_bairro_overlap_matched,2.139767954879268,,,,,
NEWNEG_V9_BAIRROMATCH_010,recife,0,-8.079561,-34.940714,2015-12-17,JARDIM SAO PAULO,real_clean_sedec_negative,11.889999389648438,4.711012840270996,1.6988787650162038,7.528449058532715,3.2,3.856,24,open_meteo_era5_land_archive_api,TASK2_v9_emlurb_156_bairro_overlap_matched,-0.7055889307897645,,,,,
NEWNEG_V9_BAIRROMATCH_011,recife,0,-8.085815,-34.9497365,2016-04-07,JARDIM SAO PAULO,real_clean_sedec_negative,21.00880622863769,1.966562867164612,11.185048102912532,5.130462646484375,7.4,9.731,24,open_meteo_era5_land_archive_api,TASK2_v9_emlurb_156_bairro_overlap_matched,1.1916409816196705,,,,,
NEWNEG_V9_BAIRROMATCH_012,recife,0,-8.1154047,-34.9459624,2016-05-02,COHAB,real_clean_sedec_negative,59.31141662597656,10.644274711608888,37.09425163272043,5.409451484680176,8.1,13.233,24,open_meteo_era5_land_archive_api,TASK2_v9_emlurb_156_bairro_overlap_matched,0.5189940289827062,,,,,
NEWNEG_V9_BAIRROMATCH_013,recife,0,-8.0140279,-34.9056266,2016-11-23,AGUA FRIA,real_clean_sedec_negative,56.25,10.478311538696287,45.19630718231201,4.165798187255859,3.3,4.244,24,open_meteo_era5_land_archive_api,TASK2_v9_emlurb_156_bairro_overlap_matched,-0.7576697467872355,,,,,
NEWNEG_V9_BAIRROMATCH_014,recife,0,-8.0140279,-34.9056266,2016-11-23,AGUA FRIA,real_clean_sedec_negative,56.25,10.478311538696287,45.19630718231201,4.165798187255859,3.3,4.244,24,open_meteo_era5_land_archive_api,TASK2_v9_emlurb_156_bairro_overlap_matched,-0.7576697467872355,,,,,
NEWNEG_V9_BAIRROMATCH_015,recife,0,-8.117610599999999,-34.9386676,2016-11-21,IBURA,real_clean_sedec_negative,11.002835273742676,10.663403511047363,3.644424438416564,6.219191074371338,3.3,5.973,24,open_meteo_era5_land_archive_api,TASK2_v9_emlurb_156_bairro_overlap_matched,-1.4353700840543135,,,,,
NEWNEG_V9_BAIRROMATCH_016,recife,0,-8.1133806,-34.94353470000001,2016-01-19,IBURA,real_clean_sedec_negative,15.630000114440918,7.550110340118408,2.055000305175781,4.883458137512207,11.0,19.54,24,open_meteo_era5_land_archive_api,TASK2_v9_emlurb_156_bairro_overlap_matched,0.9468968472918657,,,,,
NEWNEG_V9_BAIRROMATCH_017,recife,0,-8.0771483,-34.9397137,2016-08-08,JARDIM SAO PAULO,real_clean_sedec_negative,4.328000068664551,3.702463865280152,5.4083366377243465,4.584291458129883,3.1,4.548,24,open_meteo_era5_land_archive_api,TASK2_v9_emlurb_156_bairro_overlap_matched,-1.0768258500429853,,,,,
NEWNEG_V9_BAIRROMATCH_018,recife,0,-8.0881385,-34.9380788,2016-10-19,BARRO,real_clean_sedec_negative,9.434764862060549,11.703957557678224,2.829977512224623,3.591846227645874,2.7,3.239,24,open_meteo_era5_land_archive_api,TASK2_v9_emlurb_156_bairro_overlap_matched,-0.9637490764845085,,,,,
NEWNEG_V9_BAIRROMATCH_019,recife,0,-8.0027376,-34.9162805,2016-11-11,DOIS UNIDOS,real_clean_sedec_negative,19.334840774536133,5.937533378601074,0.4066562650937939,6.134349346160889,1.7,2.974,24,open_meteo_era5_land_archive_api,TASK2_v9_emlurb_156_bairro_overlap_matched,-1.8598794470017002,,,,,
NEWNEG_V9_BAIRROMATCH_020,recife,0,-8.0881898,-34.9373071,2016-02-02,BARRO,real_clean_sedec_negative,4.620649814605713,20.76986312866211,7.697478771209717,2.5835964679718018,9.6,28.674,24,open_meteo_era5_land_archive_api,TASK2_v9_emlurb_156_bairro_overlap_matched,-4.033273702504257,,,,,
NEWNEG_V9_BAIRROMATCH_021,recife,0,-8.1349456,-34.9452335,2017-05-03,JORDAO,real_clean_sedec_negative,70.7747573852539,9.835043907165527,48.65561485286028,4.038733959197998,10.2,34.278,24,open_meteo_era5_land_archive_api,TASK2_v9_emlurb_156_bairro_overlap_matched,-5.629822395416177,,,,,
NEWNEG_V9_BAIRROMATCH_022,recife,0,-8.0887542,-34.9114522,2017-06-05,IMBIRIBEIRA,real_clean_sedec_negative,8.538000106811523,14.373211860656738,7.282227751607895,4.169873237609863,54.0,68.936,24,open_meteo_era5_land_archive_api,TASK2_v9_emlurb_156_bairro_overlap_matched,24.585597911696365,,,,,
NEWNEG_V9_BAIRROMATCH_023,recife,0,-8.0806533,-34.9640243,2017-05-23,CURADO,real_clean_sedec_negative,22.214529037475582,3.652143001556397,5.928300857453948,8.63077163696289,13.3,26.89,24,open_meteo_era5_land_archive_api,TASK2_v9_emlurb_156_bairro_overlap_matched,0.36598448239132964,,,,,
NEWNEG_V9_BAIRROMATCH_024,recife,0,-8.0685666,-34.9082915,2017-12-15,AFOGADOS,real_clean_sedec_negative,5.710000038146973,7.624905109405518,2.485540621203227,4.337183475494385,3.8,7.149,24,open_meteo_era5_land_archive_api,TASK2_v9_emlurb_156_bairro_overlap_matched,-1.3963160624384,,,,,
NEWNEG_V9_BAIRROMATCH_025,recife,0,-8.0790449,-34.9035026,2017-05-11,AFOGADOS,real_clean_sedec_negative,2.339628934860229,12.689842224121094,3.000000248221113e-11,6.975937843322754,14.6,47.159,24,open_meteo_era5_land_archive_api,TASK2_v9_emlurb_156_bairro_overlap_matched,-6.278670310012613,,,,,
NEWNEG_V9_BAIRROMATCH_026,recife,0,-8.0693202,-34.909384,2017-09-05,AFOGADOS,real_clean_sedec_negative,5.360000133514404,6.338240146636963,2.230543367785258,4.796426296234131,5.8,17.657,24,open_meteo_era5_land_archive_api,TASK2_v9_emlurb_156_bairro_overlap_matched,-3.515040842081235,,,,,
NEWNEG_V9_BAIRROMATCH_027,recife,0,-8.1230705,-34.9556427,2017-05-08,COHAB,real_clean_sedec_negative,53.355770111083984,25.751724243164062,31.62246894836425,5.221779823303223,10.2,38.491,24,open_meteo_era5_land_archive_api,TASK2_v9_emlurb_156_bairro_overlap_matched,-7.281153523759844,,,,,
NEWNEG_V9_BAIRROMATCH_028,recife,0,-8.0625065,-34.898046,2017-02-09,BARRO,real_clean_sedec_negative,15.436058044433594,16.917634963989258,12.10951804568746,2.81846022605896,5.8,5.884,24,open_meteo_era5_land_archive_api,TASK2_v9_emlurb_156_bairro_overlap_matched,1.0995144330172701,,,,,
NEWNEG_V9_BAIRROMATCH_029,recife,0,-8.0843689,-34.9097921,2017-12-01,IMBIRIBEIRA,real_clean_sedec_negative,2.5300002098083496,12.652902603149414,4.713010546245288,3.642204999923706,5.1,7.169,24,open_meteo_era5_land_archive_api,TASK2_v9_emlurb_156_bairro_overlap_matched,-0.10415527975785732,,,,,
NEWNEG_V9_BAIRROMATCH_030,recife,0,-8.0612665,-34.8781954,2017-12-07,SAO JOSE,real_clean_sedec_negative,2.117745876312256,1.700309157371521,4.5000003723316695e-11,5.165197372436523,5.1,8.224,24,open_meteo_era5_land_archive_api,TASK2_v9_emlurb_156_bairro_overlap_matched,-0.5176739933592263,,,,,
NEWNEG_V9_BAIRROMATCH_031,recife,0,-8.118776,-34.945195,2017-11-14,IBURA,real_clean_sedec_negative,74.50879669189453,9.010822296142578,40.3048095703125,4.203766822814941,2.8,6.955,24,open_meteo_era5_land_archive_api,TASK2_v9_emlurb_156_bairro_overlap_matched,-2.3202756544396648,,,,,
NEWNEG_V9_BAIRROMATCH_032,recife,0,-8.003319399999999,-34.930958,2018-12-11,NOVA DESCOBERTA,real_clean_sedec_negative,69.85302734375,17.047260284423828,43.89364051815848,4.503988265991211,7.8,20.521,24,open_meteo_era5_land_archive_api,TASK2_v9_emlurb_156_bairro_overlap_matched,-2.6376167622275117,,,,,
NEWNEG_V9_BAIRROMATCH_033,recife,0,-8.075036599999999,-34.9140211,2018-08-22,AFOGADOS,real_clean_sedec_negative,6.400000095367432,6.300222396850586,2.099999904482573,5.704122543334961,6.7,15.57,24,open_meteo_era5_land_archive_api,TASK2_v9_emlurb_156_bairro_overlap_matched,-1.7970185147958722,,,,,
NEWNEG_V9_BAIRROMATCH_034,recife,0,-8.126662,-34.9467111,2018-10-15,COHAB,real_clean_sedec_negative,63.81296920776367,9.852906227111816,44.724903106629455,4.263924598693848,4.6,13.875,24,open_meteo_era5_land_archive_api,TASK2_v9_emlurb_156_bairro_overlap_matched,-3.232644846971871,,,,,
NEWNEG_V9_BAIRROMATCH_035,recife,0,-8.069224499999999,-34.8805502,2018-09-19,SAO JOSE,real_clean_sedec_negative,2.047822952270508,17.859333038330078,0.0784366130078857,6.123108863830566,5.7,14.996,24,open_meteo_era5_land_archive_api,TASK2_v9_emlurb_156_bairro_overlap_matched,-2.5720329777274484,,,,,
NEWNEG_V9_BAIRROMATCH_036,recife,0,-8.0734429,-34.91350389999999,2018-12-17,AFOGADOS,real_clean_sedec_negative,9.239999771118164,1.932150721549988,6.120539896815746,3.958029985427856,6.1,14.36,24,open_meteo_era5_land_archive_api,TASK2_v9_emlurb_156_bairro_overlap_matched,-1.9227458669687092,,,,,
NEWNEG_V9_BAIRROMATCH_037,recife,0,-8.0814029,-34.9064002,2018-09-19,AFOGADOS,real_clean_sedec_negative,9.053166389465332,8.229316711425781,6.922805066017075,3.470583200454712,5.7,14.996,24,open_meteo_era5_land_archive_api,TASK2_v9_emlurb_156_bairro_overlap_matched,-2.5720329777274484,,,,,
NEWNEG_V9_BAIRROMATCH_038,recife,0,-7.9843909,-34.9254073,2018-11-14,DOIS UNIDOS,real_clean_sedec_negative,81.39000701904297,14.906429290771484,57.84186363181216,4.003450870513916,5.9,17.968,21,open_meteo_era5_land_archive_api,TASK2_v9_emlurb_156_bairro_overlap_matched,-3.536940671398794,,,,,
NEWNEG_V9_BAIRROMATCH_039,recife,0,-8.0486255,-34.95861319999999,2018-12-17,VARZEA,real_clean_sedec_negative,14.324999809265137,5.758152484893799,4.239997863769531,3.344942331314087,6.1,14.36,24,open_meteo_era5_land_archive_api,TASK2_v9_emlurb_156_bairro_overlap_matched,-1.9227458669687092,,,,,
NEWNEG_V9_BAIRROMATCH_040,recife,0,-8.1109828,-34.9491516,2018-07-31,COHAB,real_clean_sedec_negative,74.13999938964844,6.956910133361816,54.66666221618653,9.791669845581056,17.3,26.64,24,open_meteo_era5_land_archive_api,TASK2_v9_emlurb_156_bairro_overlap_matched,4.463974698884545,,,,,
NEWNEG_V9_BAIRROMATCH_041,recife,0,-8.0152563,-34.8828138,2018-03-20,CAMPINA DO BARRETO,real_clean_sedec_negative,12.280000686645508,9.063223838806152,0.5018391609041899,4.4803338050842285,4.9,7.018,24,open_meteo_era5_land_archive_api,TASK2_v9_emlurb_156_bairro_overlap_matched,-0.2449691889959542,,,,,
NEWNEG_V9_BAIRROMATCH_042,recife,0,-8.1151142,-34.9529353,2018-08-07,COHAB,real_clean_sedec_negative,62.388858795166016,13.091597557067873,14.30144500732422,4.075533866882324,17.3,19.585,24,open_meteo_era5_land_archive_api,TASK2_v9_emlurb_156_bairro_overlap_matched,7.229258608323088,,,,,
NEWNEG_V9_BAIRROMATCH_043,recife,0,-8.1252733,-34.9532615,2019-02-08,COHAB,real_clean_sedec_negative,71.82583618164062,8.05766487121582,50.46464920043945,5.272991180419922,22.4,38.933,24,open_meteo_era5_land_archive_api,TASK2_v9_emlurb_156_bairro_overlap_matched,4.745599773480151,,,,,
NEWNEG_V9_BAIRROMATCH_044,recife,0,-8.0467159,-34.9547646,2019-10-24,VARZEA,real_clean_sedec_negative,11.739999771118164,4.3621439933776855,5.266259193300414,4.870389938354492,6.3,10.634,24,open_meteo_era5_land_archive_api,TASK2_v9_emlurb_156_bairro_overlap_matched,-0.26229968035382445,,,,,
NEWNEG_V9_BAIRROMATCH_045,recife,0,-8.0064332,-34.9284164,2019-08-30,NOVA DESCOBERTA,real_clean_sedec_negative,35.954437255859375,12.132766723632812,1.285001754700744,7.665891170501709,7.7,18.892,24,open_meteo_era5_land_archive_api,TASK2_v9_emlurb_156_bairro_overlap_matched,-2.0991125115577196,,,,,
NEWNEG_V9_BAIRROMATCH_046,recife,0,-8.0409929,-34.9565175,2019-08-21,VARZEA,real_clean_sedec_negative,9.36469841003418,9.132458686828612,6.28000068622552,4.1026997566223145,8.6,18.956,24,open_meteo_era5_land_archive_api,TASK2_v9_emlurb_156_bairro_overlap_matched,-1.224198006979984,,,,,
NEWNEG_V9_BAIRROMATCH_047,recife,0,-8.1062475,-34.9097276,2019-04-25,IMBIRIBEIRA,real_clean_sedec_negative,7.181999683380127,11.116352081298828,3.8959999080422656,3.725664377212525,15.8,26.528,24,open_meteo_era5_land_archive_api,TASK2_v9_emlurb_156_bairro_overlap_matched,3.007874315873506,,,,,
NEWNEG_V9_BAIRROMATCH_048,recife,0,-8.0351594,-34.9796413,2019-07-23,VARZEA,real_clean_sedec_negative,82.31400299072266,2.670362710952759,36.853443144822016,5.464890480041504,36.1,67.683,24,open_meteo_era5_land_archive_api,TASK2_v9_emlurb_156_bairro_overlap_matched,7.176724876760364,,,,,
NEWNEG_V9_BAIRROMATCH_049,recife,0,-8.134573999999999,-34.9410045,2019-04-05,JORDAO,real_clean_sedec_negative,61.866607666015625,14.33621597290039,43.310832977204925,5.024017810821533,17.3,35.353,24,open_meteo_era5_land_archive_api,TASK2_v9_emlurb_156_bairro_overlap_matched,1.0488196736629973,,,,,
NEWNEG_V9_BAIRROMATCH_050,recife,0,-8.1071839,-34.9253064,2019-02-27,GUABIRABA,real_clean_sedec_negative,1.939022421836853,2.499296426773072,0.1087756151221555,8.857861518859863,31.1,14.02,24,open_meteo_era5_land_archive_api,TASK2_v9_emlurb_156_bairro_overlap_matched,23.210520827462066,,,,,
NEWNEG_V9_BAIRROMATCH_051,recife,0,-8.0170427,-34.903935,2019-10-02,AGUA FRIA,real_clean_sedec_negative,19.121776580810547,12.048027992248535,1.770000457763672,6.2873711585998535,4.1,9.404,24,open_meteo_era5_land_archive_api,TASK2_v9_emlurb_156_bairro_overlap_matched,-1.9801878152072039,,,,,
NEWNEG_V9_BAIRROMATCH_052,recife,0,-8.0780618,-34.9394836,2020-08-03,JARDIM SAO PAULO,real_clean_sedec_negative,7.440000057220459,6.043888568878174,3.2903370840439266,6.886756420135498,9.6,27.076,24,open_meteo_era5_land_archive_api,TASK2_v9_emlurb_156_bairro_overlap_matched,-3.406920238679623,,,,,
NEWNEG_V9_BAIRROMATCH_053,recife,0,-8.0974564,-34.932072,2020-06-12,AREIAS,real_clean_sedec_negative,11.653960227966309,2.461793899536133,4.591999530477246,3.654428243637085,38.2,54.235,24,open_meteo_era5_land_archive_api,TASK2_v9_emlurb_156_bairro_overlap_matched,14.547814602363417,,,,,
NEWNEG_V9_BAIRROMATCH_054,recife,0,-8.0770167,-34.9092229,2020-03-09,AFOGADOS,real_clean_sedec_negative,2.245000123977661,1.8748605251312256,0.0,12.291048049926758,3.7,8.704,24,open_meteo_era5_land_archive_api,TASK2_v9_emlurb_156_bairro_overlap_matched,-2.1058152090262006,,,,,
NEWNEG_V9_BAIRROMATCH_055,recife,0,-8.0380409,-34.943629,2020-04-03,VARZEA,real_clean_sedec_negative,6.215424537658691,1.014920353889465,8.999734291137429e-11,4.705559253692627,13.2,37.19,24,open_meteo_era5_land_archive_api,TASK2_v9_emlurb_156_bairro_overlap_matched,-3.771212437129151,,,,,
NEWNEG_V9_BAIRROMATCH_056,recife,0,-8.114588,-34.9329324,2020-02-12,IBURA,real_clean_sedec_negative,3.059999942779541,5.000079154968262,1.1900005321076748,5.065228462219238,8.0,15.913,24,open_meteo_era5_land_archive_api,TASK2_v9_emlurb_156_bairro_overlap_matched,-0.6314610918245638,,,,,
NEWNEG_V9_BAIRROMATCH_057,recife,0,-8.075423599999999,-34.8993001,2021-12-21,SAO JOSE,real_clean_sedec_negative,7.818944931030273,5.946694850921631,4.090205192565918,3.173757791519165,8.1,18.324,24,open_meteo_era5_land_archive_api,TASK2_v9_emlurb_156_bairro_overlap_matched,-1.4764787396851347,,,,,
NEWNEG_V9_BAIRROMATCH_058,recife,0,-8.0774727,-34.9070782,2021-07-20,SAN MARTIN,real_clean_sedec_negative,1.6642649173736572,3.044279098510742,0.0,18.02039337158203,6.8,22.648,24,open_meteo_era5_land_archive_api,TASK2_v9_emlurb_156_bairro_overlap_matched,-4.47131752415179,,,,,
NEWNEG_V9_BAIRROMATCH_059,recife,0,-8.0613046,-34.8706459,2021-08-01,RECIFE,real_clean_sedec_negative,2.792506694793701,22.080167770385746,0.0,9.984944343566896,9.7,20.471,24,open_meteo_era5_land_archive_api,TASK2_v9_emlurb_156_bairro_overlap_matched,-0.7180187189288691,,,,,
NEWNEG_V9_BAIRROMATCH_060,recife,0,-8.010914699999999,-34.9038955,2021-03-25,AGUA FRIA,real_clean_sedec_negative,70.7415771484375,3.1108763217926025,51.36414909362794,8.23169231414795,7.8,22.929,24,open_meteo_era5_land_archive_api,TASK2_v9_emlurb_156_bairro_overlap_matched,-3.581458527490164,,,,,
NEWNEG_V9_BAIRROMATCH_061,recife,0,-8.108651199999999,-34.9389248,2021-11-30,IBURA,real_clean_sedec_negative,14.15999984741211,13.945718765258787,11.560875414902029,4.276853084564209,5.1,15.826,21,open_meteo_era5_land_archive_api,TASK2_v9_emlurb_156_bairro_overlap_matched,-3.4973604964849248,,,,,
NEWNEG_V9_BAIRROMATCH_062,recife,0,-8.0427658,-34.9602766,2021-03-21,VARZEA,real_clean_sedec_negative,11.386841773986816,1.803344488143921,3.796233174845128,8.557672500610352,3.2,10.757,24,open_meteo_era5_land_archive_api,TASK2_v9_emlurb_156_bairro_overlap_matched,-3.410510866868486,,,,,
NEWNEG_V9_BAIRROMATCH_063,recife,0,-8.082875999999999,-34.9358211,2021-12-25,JARDIM SAO PAULO,real_clean_sedec_negative,10.399999618530272,4.398932933807373,2.8199996946892227,7.26536750793457,8.1,12.389,24,open_meteo_era5_land_archive_api,TASK2_v9_emlurb_156_bairro_overlap_matched,0.8498089998638028,,,,,
NEWNEG_V9_BAIRROMATCH_064,recife,0,-8.0172688,-34.9273385,2022-09-09,NOVA DESCOBERTA,real_clean_sedec_negative,48.682220458984375,7.606567859649658,30.31300067901612,5.758004188537598,12.5,20.939,24,open_meteo_era5_land_archive_api,TASK2_v9_emlurb_156_bairro_overlap_matched,1.8985435957958323,,,,,
NEWNEG_V9_BAIRROMATCH_065,recife,0,-8.0039304,-34.9294767,2022-06-07,NOVA DESCOBERTA,real_clean_sedec_negative,43.32999801635742,25.083833694458008,13.71739768972934,3.4863412380218506,112.0,110.636,24,open_meteo_era5_land_archive_api,TASK2_v9_emlurb_156_bairro_overlap_matched,66.24082980062802,,,,,
NEWNEG_V9_BAIRROMATCH_066,recife,0,-8.0714139,-34.9268272,2022-03-16,SAN MARTIN,real_clean_sedec_negative,8.029999732971191,4.899774551391602,2.499402046173614,5.035525798797607,30.7,28.314,24,open_meteo_era5_land_archive_api,TASK2_v9_emlurb_156_bairro_overlap_matched,17.20783220924597,,,,,
NEWNEG_V9_BAIRROMATCH_067,recife,0,-8.132491400000001,-34.9352855,2022-01-11,JORDAO,real_clean_sedec_negative,41.11830139160156,6.195832252502441,24.69195556634625,3.7534492015838623,5.9,13.571,24,open_meteo_era5_land_archive_api,TASK2_v9_emlurb_156_bairro_overlap_matched,-1.8134887437161193,,,,,
NEWNEG_V9_BAIRROMATCH_068,recife,0,-8.132491400000001,-34.9352855,2022-01-11,JORDAO,real_clean_sedec_negative,41.11830139160156,6.195832252502441,24.69195556634625,3.7534492015838623,5.9,13.571,24,open_meteo_era5_land_archive_api,TASK2_v9_emlurb_156_bairro_overlap_matched,-1.8134887437161193,,,,,
NEWNEG_V9_BAIRROMATCH_069,recife,0,-8.0017166,-34.9237178,2022-10-21,MACAXEIRA,real_clean_sedec_negative,17.75995445251465,2.1774332523345947,0.0,12.764294624328612,5.2,14.926,24,open_meteo_era5_land_archive_api,TASK2_v9_emlurb_156_bairro_overlap_matched,-3.044595717109348,,,,,
NEWNEG_V9_BAIRROMATCH_070,recife,0,-8.089908399999999,-34.942643,2022-05-25,BARRO,real_clean_sedec_negative,19.558000564575195,7.708502292633057,2.463697433291685,4.690743923187256,28.6,68.773,24,open_meteo_era5_land_archive_api,TASK2_v9_emlurb_156_bairro_overlap_matched,-0.7505124671500525,,,,,
NEWNEG_V9_BAIRROMATCH_071,recife,0,-8.019956400000002,-34.8777414,2023-11-06,CAMPINA DO BARRETO,real_clean_sedec_negative,8.420000076293945,2.8097925186157227,0.0023598641110353,10.937870025634766,2.5,6.254,24,open_meteo_era5_land_archive_api,TASK2_v9_emlurb_156_bairro_overlap_matched,-2.345511087392688,,,,,
NEWNEG_V9_BAIRROMATCH_072,recife,0,-8.0731698,-34.8875642,2023-08-17,SAO JOSE,real_clean_sedec_negative,3.1136186122894287,15.789926528930664,6.454534530384649,2.857849836349488,8.9,23.877,24,open_meteo_era5_land_archive_api,TASK2_v9_emlurb_156_bairro_overlap_matched,-2.8530374284324367,,,,,
NEWNEG_V9_BAIRROMATCH_073,recife,0,-8.1246385,-34.9447996,2023-03-03,COHAB,real_clean_sedec_negative,32.05859375,6.855857372283936,2.655000686510512,4.080268859863281,18.6,17.732,24,open_meteo_era5_land_archive_api,TASK2_v9_emlurb_156_bairro_overlap_matched,9.255562092970802,,,,,
NEWNEG_V9_BAIRROMATCH_074,recife,0,-7.990721199999999,-34.9158926,2023-08-16,DOIS UNIDOS,real_clean_sedec_negative,17.59000015258789,2.617704391479492,3.7288866041290873,5.379424571990967,11.3,26.232,24,open_meteo_era5_land_archive_api,TASK2_v9_emlurb_156_bairro_overlap_matched,-1.3761052677985273,,,,,
NEWNEG_V9_BAIRROMATCH_075,recife,0,-8.0683048,-34.9085977,2023-09-27,AFOGADOS,real_clean_sedec_negative,6.200000286102295,6.038846969604492,2.3711826729000043,4.128256320953369,10.8,18.003,24,open_meteo_era5_land_archive_api,TASK2_v9_emlurb_156_bairro_overlap_matched,1.3493406982921563,,,,,
NEWNEG_V9_BAIRROMATCH_076,recife,0,-8.0698083,-34.9128355,2023-10-05,AFOGADOS,real_clean_sedec_negative,2.390000104904175,4.9088544845581055,3.0000002482211125e-10,10.870874404907228,5.3,10.649,24,open_meteo_era5_land_archive_api,TASK2_v9_emlurb_156_bairro_overlap_matched,-1.2681790933434165,,,,,
NEWNEG_V9_BAIRROMATCH_077,recife,0,-8.064172,-34.9356757,2023-04-24,CURADO,real_clean_sedec_negative,7.179999828338623,3.773736476898194,0.6214475635613752,9.45472526550293,3.6,12.963,24,open_meteo_era5_land_archive_api,TASK2_v9_emlurb_156_bairro_overlap_matched,-3.8751765372046196,,,,,
NEWNEG_V9_BAIRROMATCH_078,recife,0,-8.1147461,-34.9599934,2023-07-07,COHAB,real_clean_sedec_negative,33.064998626708984,5.747108459472656,7.360000610336563,4.007526874542236,44.7,61.969,24,open_meteo_era5_land_archive_api,TASK2_v9_emlurb_156_bairro_overlap_matched,18.016389264929302,,,,,
NEWNEG_V9_BAIRROMATCH_079,recife,0,-8.0477357,-34.9592953,2023-06-28,VARZEA,real_clean_sedec_negative,18.348527908325195,10.92422866821289,7.129999160766602,3.5656943321228027,30.5,87.583,24,open_meteo_era5_land_archive_api,TASK2_v9_emlurb_156_bairro_overlap_matched,-6.223296356099588,,,,,
NEWNEG_V9_BAIRROMATCH_080,recife,0,-8.0787619063351,-34.9076102529835,2024-01-29,Afogados,real_clean_sedec_negative,7.248945236206055,15.031129837036133,4.586669201069262,3.2967758178710938,4.9,10.638,24,open_meteo_era5_land_archive_api,TASK2_v9_emlurb_156_bairro_overlap_matched,-1.6638675238177152,,,,,
NEWNEG_V9_BAIRROMATCH_081,recife,0,-8.055364215373357,-34.8716912789876,2024-07-08,Recife,real_clean_sedec_negative,2.650000095367432,11.07785701751709,3.2300004959106445,4.178107261657715,22.9,47.808,24,open_meteo_era5_land_archive_api,TASK2_v9_emlurb_156_bairro_overlap_matched,1.7669470879709976,,,,,
NEWNEG_V9_BAIRROMATCH_082,recife,0,-8.054379986212282,-34.87220405938085,2024-05-11,Recife,real_clean_sedec_negative,74.34259796142578,55.70671081542969,71.1130781173706,1.0931233167648315,18.3,28.442,24,open_meteo_era5_land_archive_api,TASK2_v9_emlurb_156_bairro_overlap_matched,4.757661218401449,,,,,
NEWNEG_V9_BAIRROMATCH_083,recife,0,-7.993777796886815,-34.91462971801622,2024-11-16,Dois Unidos,real_clean_sedec_negative,61.909812927246094,19.749975204467773,40.25480270384242,3.421130895614624,5.7,11.357,24,open_meteo_era5_land_archive_api,TASK2_v9_emlurb_156_bairro_overlap_matched,-1.1456873864522032,,,,,
NEWNEG_V9_BAIRROMATCH_084,recife,0,-7.9964038,-34.9313019,2024-11-06,Nova Descoberta,real_clean_sedec_negative,49.36153793334961,18.815298080444336,20.5029754636422,4.840839385986328,2.4,6.525,24,open_meteo_era5_land_archive_api,TASK2_v9_emlurb_156_bairro_overlap_matched,-2.551732482071334,,,,,
NEWNEG_V9_BAIRROMATCH_085,recife,0,-8.0327549,-34.9537422,2024-06-20,Varzea,real_clean_sedec_negative,14.3945951461792,0.590147852897644,4.760000228881836,2.684814214706421,39.1,51.1,24,open_meteo_era5_land_archive_api,TASK2_v9_emlurb_156_bairro_overlap_matched,16.67661191718834,,,,,
NEWNEG_V9_BAIRROMATCH_086,recife,0,-8.1334279,-34.9162087,2024-12-25,Ibura,real_clean_sedec_negative,14.59999942779541,14.016593933105469,6.122087478007714,3.715046167373657,5.5,14.394,24,open_meteo_era5_land_archive_api,TASK2_v9_emlurb_156_bairro_overlap_matched,-2.536072536411787,,,,,
NEWNEG_V9_BAIRROMATCH_087,recife,0,-8.012101164019,-34.9127356699818,2024-02-27,Linha do Tiro,real_clean_sedec_negative,74.31999969482422,9.174192428588867,53.34904289241109,7.112727165222168,18.6,37.618,24,open_meteo_era5_land_archive_api,TASK2_v9_emlurb_156_bairro_overlap_matched,1.4610283122344647,,,,,
LEADA_2022_0001,recife,1,-8.0450381,-34.9691733,2022-05-28,Varzea,,61.41999053955078,4.812788009643555,39.40999984714212,4.5344719886779785,36.3,106.775,3,open_meteo_era5_land_archive_api,LEADA_V12_DIARIO_OFICIAL_DECRETO_35669_28MAI2022_BAIRRO_LEVEL,-7.945809295850765,,,,,
LEADA_2022_0002,recife,1,-7.9818033,-34.9231801,2022-05-28,Passarinho,,39.52205276489258,17.6157169342041,7.279998779236877,3.5037522315979004,35.3,114.482,3,open_meteo_era5_land_archive_api,LEADA_V12_DIARIO_OFICIAL_DECRETO_35669_28MAI2022_BAIRRO_LEVEL,-11.966651689903614,,,,,
LEADA_2022_0003,recife,1,-8.1231298,-34.9413573,2022-05-28,Alto da Bela Vista,,76.13394165039062,2.355135440826416,53.86349105831961,8.157699584960938,34.1,115.163,24,open_meteo_era5_land_archive_api,LEADA_V12_DIARIO_OFICIAL_DECRETO_35669_28MAI2022_BAIRRO_LEVEL,-13.433577039631125,,,,,
LEADA_2022_0004,recife,1,-8.009652,-34.9052878,2022-05-28,Linha do Tiro,,31.540000915527344,10.033812522888184,18.161563873276016,3.5101914405822754,35.3,114.482,24,open_meteo_era5_land_archive_api,LEADA_V12_DIARIO_OFICIAL_DECRETO_35669_28MAI2022_BAIRRO_LEVEL,-11.966651689903614,,,,,
LEADA_2022_0005,recife,1,-8.0425107,-34.9074638,2022-05-28,Torre,,15.133009910583496,3.4394097328186035,7.860469818115234,4.490945339202881,34.6,115.224,24,open_meteo_era5_land_archive_api,LEADA_V12_DIARIO_OFICIAL_DECRETO_35669_28MAI2022_BAIRRO_LEVEL,-12.957486652455472,,,,,
LEADA_2022_0006,recife,1,-8.0569039,-34.9378259,2022-05-28,Roda de Fogo,,11.600000381469728,8.027743339538574,5.155580520629883,4.283364295959473,34.6,115.224,24,open_meteo_era5_land_archive_api,LEADA_V12_DIARIO_OFICIAL_DECRETO_35669_28MAI2022_BAIRRO_LEVEL,-12.957486652455472,,,,,
LEADA_2022_0007,recife,1,-8.0263217,-34.9287912,2022-05-28,Monteiro,,30.45499992370605,13.99046230316162,24.0497317312348,3.9154372215271,34.6,115.224,24,open_meteo_era5_land_archive_api,LEADA_V12_DIARIO_OFICIAL_DECRETO_35669_28MAI2022_BAIRRO_LEVEL,-12.957486652455472,,,,,
LEADA_2022_0008,recife,1,-8.0120983,-34.8856628,2022-05-28,Cajueiro,,38.084999084472656,7.96133279800415,33.968177318348005,4.308452606201172,35.3,114.482,24,open_meteo_era5_land_archive_api,LEADA_V12_DIARIO_OFICIAL_DECRETO_35669_28MAI2022_BAIRRO_LEVEL,-11.966651689903614,,,,,
LEADC_2008_0001,recife,1,-8.0829965,-34.880064,2008-03-30,Brasilia Teimosa,,3.010794878005981,3.708347797393799,6.183572113063945,6.5826096534729,16.6,44.877,24,open_meteo_era5_land_archive_api,LEADC_V12_GLOBAL_FLOOD_DATABASE_DFO3291_EVENT_EXTENT_CENTROID,-3.3842156138625406,,,,,
